country,storeNumber,customerNumber,name,vat,checkoutCheckCode,limit,product,period,customerType,registrationDate
RO,4,"",Livepath,RO-000-2,,10200,BANK_TRANSFER,30,TRADER,1995-02-14
IT,1,1112,Edgeblab,IT-000-0,,12900,DIRECT_DEBIT,7,HORECA,2007-06-11
IT,2,6546,Dabfeed,IT-000-0,,40400,BANK_TRANSFER,1,SCO,1988-10-24
RO,2,7673,Wikizz,RO-000-7,,12700,BANK_TRANSFER,21,SCO,2006-12-26
DE,1,3295,Ooba,DE-000-4,,2100,BANK_TRANSFER,2,SCO,2004-01-30
IT,1,5214,Devbug,IT-000-6,,11100,BANK_TRANSFER,3,SCO,1997-01-21
RO,3,2332,Plambee,RO-000-6,,34100,BANK_TRANSFER,15,HORECA,2016-01-15
IT,5,1468,Trudeo,IT-000-6,,48600,BANK_TRANSFER,30,HORECA,2005-05-23
FR,5,5563,Latz,FR-000-3,,35500,BANK_TRANSFER,60,TRADER,2001-10-31
DE,2,4273,Wikizz,DE-000-3,,21900,BANK_TRANSFER,30,SCO,1991-10-30
IT,1,2041,Buzzbean,IT-000-6,,34900,DIRECT_DEBIT,70,TRADER,1986-11-04
RO,5,5520,Skynoodle,RO-000-0,,7200,DIRECT_DEBIT,1,TRADER,1983-03-27
RO,4,9706,Youtags,RO-000-9,31,5400,DIRECT_DEBIT,20,HORECA,2017-12-09
RO,5,1261,Brainverse,RO-000-8,,45300,DIRECT_DEBIT,30,SCO,2004-01-07
FR,2,5694,Feedfire,FR-000-7,30,5200,BANK_TRANSFER,25,SCO,2001-05-16
IT,2,2359,Oloo,IT-000-7,,31800,DIRECT_DEBIT,5,SCO,1992-10-19
IT,5,6964,Centimia,IT-000-4,,19800,DIRECT_DEBIT,70,TRADER,1996-05-16
RO,2,1537,Voolia,RO-000-4,,23700,BANK_TRANSFER,10,SCO,1998-09-08
RO,4,1975,Agivu,RO-000-0,30,41100,BANK_TRANSFER,70,HORECA,2019-01-17
FR,4,7776,Buzzbean,FR-000-9,,21100,DIRECT_DEBIT,15,TRADER,2019-06-02
FR,2,9606,Dynazzy,FR-000-9,,16200,DIRECT_DEBIT,15,HORECA,1989-01-10
DE,5,8093,Fivebridge,DE-000-3,,39700,DIRECT_DEBIT,21,TRADER,1986-02-05
DE,2,2489,Kwinu,DE-000-3,,9900,BANK_TRANSFER,3,TRADER,1983-04-13
RO,2,6081,Eayo,RO-000-7,,31300,BANK_TRANSFER,25,HORECA,1983-03-28
FR,3,5834,Linkbuzz,FR-000-0,,21800,DIRECT_DEBIT,60,TRADER,1997-01-06
IT,2,3155,DabZ,IT-000-4,,30600,BANK_TRANSFER,2,HORECA,2012-12-22
FR,3,5899,Devpulse,FR-000-3,,42800,DIRECT_DEBIT,70,SCO,2003-11-18
RO,2,2306,Tagtune,RO-000-9,,34300,BANK_TRANSFER,7,TRADER,2005-08-04
IT,2,8906,Kanoodle,IT-000-9,,26500,BANK_TRANSFER,60,SCO,1983-07-06
FR,4,8827,Kare,FR-000-9,,23400,BANK_TRANSFER,60,SCO,2006-11-22
RO,2,6716,Ooba,RO-000-2,,27300,DIRECT_DEBIT,25,SCO,2009-03-28
RO,5,3863,Twitterbridge,RO-000-9,,29700,DIRECT_DEBIT,70,HORECA,1986-11-25
FR,4,8490,Aimbo,FR-000-9,,6400,BANK_TRANSFER,70,HORECA,1981-10-08
RO,2,8281,Avamba,RO-000-7,,12600,DIRECT_DEBIT,25,SCO,2015-05-05
FR,2,9786,Photobean,FR-000-8,,49400,DIRECT_DEBIT,20,TRADER,1993-08-07
RO,2,9224,Zazio,RO-000-6,,26600,BANK_TRANSFER,70,TRADER,1996-01-08
RO,4,9058,Babbleset,RO-000-4,,29500,DIRECT_DEBIT,70,HORECA,1983-11-13
RO,4,6856,Riffwire,RO-000-3,31,45300,DIRECT_DEBIT,20,TRADER,1985-08-21
IT,1,1830,Yotz,IT-000-2,,10500,DIRECT_DEBIT,21,HORECA,2005-11-18
RO,1,6361,Vipe,RO-000-5,,34400,DIRECT_DEBIT,25,SCO,2012-11-16
IT,1,6645,Youfeed,IT-000-4,,31800,DIRECT_DEBIT,20,SCO,1989-12-05
RO,3,8465,Tambee,RO-000-8,,45400,DIRECT_DEBIT,20,TRADER,1987-01-11
IT,4,1785,Skinix,IT-000-0,,49800,DIRECT_DEBIT,25,TRADER,1998-02-09
RO,5,2271,Snaptags,RO-000-5,,29400,BANK_TRANSFER,30,HORECA,1998-12-31
RO,5,7503,Zoovu,RO-000-5,,17600,DIRECT_DEBIT,120,SCO,1997-09-29
IT,1,1238,Wikibox,IT-000-5,,18600,DIRECT_DEBIT,60,HORECA,1995-10-04
IT,2,6497,Devbug,IT-000-7,,40300,DIRECT_DEBIT,60,HORECA,2021-11-20
DE,5,4830,Wikivu,DE-000-7,,13700,BANK_TRANSFER,70,TRADER,2020-03-04
IT,3,5879,Skinte,IT-000-9,,37200,DIRECT_DEBIT,30,TRADER,1981-07-22
DE,3,5451,Abatz,DE-000-7,,1100,BANK_TRANSFER,1,SCO,1982-03-07
IT,3,7632,Zoombox,IT-000-4,,28200,DIRECT_DEBIT,1,SCO,1998-07-02
FR,1,4022,Geba,FR-000-5,,21000,BANK_TRANSFER,30,HORECA,2004-04-19
DE,3,6453,Blognation,DE-000-8,,44700,BANK_TRANSFER,3,SCO,1984-07-05
FR,2,8915,Tekfly,FR-000-2,,17100,BANK_TRANSFER,7,HORECA,2005-06-21
FR,3,8441,Rhybox,FR-000-4,,20300,BANK_TRANSFER,20,SCO,1994-06-25
RO,2,3147,Oyoba,RO-000-6,,2000,DIRECT_DEBIT,25,SCO,1984-11-22
RO,1,4647,Fivebridge,RO-000-8,,39100,DIRECT_DEBIT,30,SCO,1987-05-20
RO,2,6040,Meezzy,RO-000-0,,12600,BANK_TRANSFER,70,HORECA,2003-03-16
IT,5,9106,Twinder,IT-000-0,,12300,DIRECT_DEBIT,5,HORECA,1991-07-08
FR,3,3166,Rhyloo,FR-000-6,31,48400,BANK_TRANSFER,7,HORECA,2010-03-24
RO,3,6866,Voonte,RO-000-7,,22100,BANK_TRANSFER,10,SCO,1994-08-23
RO,3,5967,Tagpad,RO-000-9,30,19100,BANK_TRANSFER,25,HORECA,2017-05-09
FR,1,4233,Skyba,FR-000-3,,26100,DIRECT_DEBIT,30,HORECA,2009-08-07
RO,4,6054,JumpXS,RO-000-9,,26900,BANK_TRANSFER,30,HORECA,2015-08-09
FR,2,7827,Twitterbridge,FR-000-6,,13900,DIRECT_DEBIT,15,HORECA,2014-07-23
FR,2,9328,Trunyx,FR-000-7,31,23000,DIRECT_DEBIT,20,SCO,1989-12-23
FR,2,9228,Layo,FR-000-3,,31900,DIRECT_DEBIT,20,SCO,2009-02-05
FR,2,1276,Brainsphere,FR-000-5,,35400,DIRECT_DEBIT,20,TRADER,1984-03-27
IT,3,8382,Agimba,IT-000-9,31,28000,DIRECT_DEBIT,21,TRADER,2018-04-16
IT,4,7463,Voomm,IT-000-9,31,36700,BANK_TRANSFER,20,HORECA,2014-01-19
IT,1,9850,Yadel,IT-000-8,,2100,BANK_TRANSFER,3,HORECA,1982-01-07
RO,5,1667,Layo,RO-000-7,,21800,DIRECT_DEBIT,30,TRADER,2012-08-27
RO,5,2987,Eidel,RO-000-9,,19100,BANK_TRANSFER,21,SCO,1983-09-27
FR,2,2814,Browsedrive,FR-000-0,,19700,BANK_TRANSFER,25,SCO,2013-04-08
DE,2,3266,Kare,DE-000-2,,27800,DIRECT_DEBIT,10,HORECA,2007-12-16
DE,2,1333,Twinte,DE-000-4,,45800,DIRECT_DEBIT,21,HORECA,1990-05-06
DE,4,7288,Shufflester,DE-000-5,,33100,DIRECT_DEBIT,30,SCO,1981-02-14
DE,2,2346,Babblestorm,DE-000-0,,19900,BANK_TRANSFER,25,TRADER,2016-03-09
RO,1,6672,Twitterbridge,RO-000-4,,20700,DIRECT_DEBIT,30,HORECA,1980-06-12
DE,3,6080,Ntag,DE-000-9,,39000,DIRECT_DEBIT,2,SCO,1990-08-07
RO,5,1941,Oyoba,RO-000-1,,36100,BANK_TRANSFER,120,TRADER,2004-04-12
RO,2,7493,Bluejam,RO-000-7,,49200,DIRECT_DEBIT,3,SCO,1989-10-07
RO,3,5817,Cogibox,RO-000-3,,46400,BANK_TRANSFER,10,HORECA,1994-02-11
DE,1,7865,Photobug,DE-000-6,,30700,BANK_TRANSFER,60,HORECA,2010-01-19
FR,1,7951,Jabbercube,FR-000-0,,19900,DIRECT_DEBIT,30,SCO,1985-02-26
IT,4,1387,Vinte,IT-000-8,,28700,BANK_TRANSFER,15,HORECA,1981-05-14
DE,4,8718,Vinder,DE-000-9,,38300,BANK_TRANSFER,60,SCO,1981-12-08
DE,3,7342,Kamba,DE-000-8,,49300,BANK_TRANSFER,60,SCO,1987-09-14
FR,4,5987,Skinder,FR-000-1,,16300,BANK_TRANSFER,30,SCO,1982-02-24
RO,4,7927,Kimia,RO-000-3,31,38900,BANK_TRANSFER,2,TRADER,1998-10-05
FR,1,2761,Lajo,FR-000-5,,13800,DIRECT_DEBIT,15,TRADER,2006-06-25
DE,4,7576,Realblab,DE-000-0,,48500,BANK_TRANSFER,120,SCO,2016-10-15
FR,3,8818,Meembee,FR-000-5,,33300,BANK_TRANSFER,25,SCO,2009-09-06
RO,1,9688,Shuffledrive,RO-000-5,,25700,BANK_TRANSFER,3,SCO,1988-10-16
FR,4,7082,Yozio,FR-000-0,,3900,DIRECT_DEBIT,25,HORECA,1984-07-05
FR,3,2900,Cogidoo,FR-000-4,,39900,BANK_TRANSFER,15,TRADER,1986-02-03
DE,5,2440,Skibox,DE-000-2,,33200,DIRECT_DEBIT,2,TRADER,1993-07-21
FR,1,4221,Devify,FR-000-4,,32300,DIRECT_DEBIT,7,TRADER,2014-12-05
IT,2,8500,Skivee,IT-000-2,30,48500,DIRECT_DEBIT,70,TRADER,2012-04-10
RO,1,9735,Quire,RO-000-3,,4800,BANK_TRANSFER,5,TRADER,1995-04-23
IT,3,1373,Kwinu,IT-000-5,,39700,DIRECT_DEBIT,20,HORECA,1986-08-17
IT,4,1132,Yata,IT-000-6,30,2400,DIRECT_DEBIT,21,HORECA,2001-08-23
IT,5,1281,Divape,IT-000-5,,6200,BANK_TRANSFER,10,HORECA,2000-09-12
IT,2,5050,Eare,IT-000-8,,1400,DIRECT_DEBIT,10,HORECA,2016-07-24
RO,1,8957,Meedoo,RO-000-8,,10200,BANK_TRANSFER,30,SCO,2006-04-21
FR,2,2154,Brainsphere,FR-000-3,,27900,DIRECT_DEBIT,60,TRADER,1984-06-23
IT,5,2097,Voomm,IT-000-5,,1700,DIRECT_DEBIT,25,SCO,2010-07-21
FR,4,2930,Zoonoodle,FR-000-3,,34300,DIRECT_DEBIT,21,TRADER,2007-01-13
IT,3,1607,Tavu,IT-000-9,,42900,DIRECT_DEBIT,5,HORECA,2011-11-30
FR,4,3429,Ainyx,FR-000-3,,47900,BANK_TRANSFER,2,SCO,1999-02-05
FR,1,8521,Demivee,FR-000-9,,15400,BANK_TRANSFER,20,TRADER,2018-07-18
FR,1,8832,Youopia,FR-000-2,,49400,BANK_TRANSFER,15,SCO,2018-01-19
FR,5,6436,Voonix,FR-000-3,,16800,DIRECT_DEBIT,5,TRADER,2000-11-10
DE,5,6964,Eimbee,DE-000-4,,47800,DIRECT_DEBIT,15,SCO,2005-10-05
FR,4,4472,Devcast,FR-000-9,,28000,DIRECT_DEBIT,30,SCO,2000-11-12
FR,1,5717,Fivespan,FR-000-6,,7400,BANK_TRANSFER,15,HORECA,1998-10-09
IT,3,3524,Skimia,IT-000-3,,8800,BANK_TRANSFER,5,SCO,2002-04-21
IT,5,6723,Teklist,IT-000-8,,22800,BANK_TRANSFER,120,SCO,1994-12-26
RO,2,7785,Nlounge,RO-000-4,,46200,BANK_TRANSFER,30,SCO,1981-07-09
DE,3,1314,Eazzy,DE-000-0,,24600,BANK_TRANSFER,3,HORECA,2001-06-30
RO,3,4841,Skinte,RO-000-4,30,2200,BANK_TRANSFER,2,TRADER,1987-03-21
FR,3,2727,Voonder,FR-000-6,,25400,DIRECT_DEBIT,5,TRADER,2000-11-14
DE,2,2986,Yoveo,DE-000-4,,19200,DIRECT_DEBIT,21,SCO,2016-03-11
IT,5,7402,Dabshots,IT-000-2,,35200,DIRECT_DEBIT,2,SCO,2013-09-24
DE,2,8351,Gabtune,DE-000-5,,3000,DIRECT_DEBIT,10,HORECA,1997-05-14
IT,1,8047,Zoozzy,IT-000-1,,50000,DIRECT_DEBIT,30,HORECA,2016-10-08
RO,4,6179,Voonix,RO-000-2,,16400,BANK_TRANSFER,7,HORECA,1985-08-27
IT,1,9308,Snaptags,IT-000-8,,42200,DIRECT_DEBIT,25,HORECA,2001-09-03
RO,5,9542,Browsedrive,RO-000-3,,1500,BANK_TRANSFER,21,HORECA,1987-05-27
RO,3,1016,Eidel,RO-000-1,,44000,BANK_TRANSFER,21,TRADER,1999-12-12
RO,3,6444,Roombo,RO-000-7,,7600,BANK_TRANSFER,25,TRADER,2017-11-02
IT,1,1514,Oyoba,IT-000-1,,16000,DIRECT_DEBIT,70,HORECA,2017-12-23
RO,5,1670,Twinte,RO-000-0,,49200,DIRECT_DEBIT,10,SCO,1998-11-14
DE,1,9830,Voolith,DE-000-2,30,24500,BANK_TRANSFER,2,SCO,1984-12-05
IT,1,2773,Wordware,IT-000-4,,28400,BANK_TRANSFER,25,SCO,1984-10-24
IT,1,2126,Mynte,IT-000-5,,49100,DIRECT_DEBIT,60,HORECA,1985-05-11
IT,3,3193,Oyope,IT-000-1,,1700,DIRECT_DEBIT,10,TRADER,2004-07-07
RO,2,2699,Jamia,RO-000-1,,3200,BANK_TRANSFER,30,SCO,2016-07-02
RO,3,8117,Oyonder,RO-000-6,,35400,BANK_TRANSFER,21,SCO,1994-02-02
RO,3,2957,Myworks,RO-000-5,,20900,DIRECT_DEBIT,70,SCO,2000-08-20
RO,3,6736,Bubblebox,RO-000-4,,27900,BANK_TRANSFER,7,TRADER,2002-05-09
RO,5,7899,DabZ,RO-000-5,30,40300,DIRECT_DEBIT,3,TRADER,1992-12-20
IT,4,7974,Mycat,IT-000-8,30,6600,DIRECT_DEBIT,21,TRADER,1990-02-10
IT,2,2054,Digitube,IT-000-6,,21700,BANK_TRANSFER,5,SCO,1992-06-20
IT,4,1365,Pixope,IT-000-3,,28400,BANK_TRANSFER,5,HORECA,2013-05-17
FR,2,5665,Rhybox,FR-000-4,,31000,BANK_TRANSFER,60,TRADER,1992-07-28
DE,3,3397,Jazzy,DE-000-4,,29900,DIRECT_DEBIT,20,HORECA,1988-07-29
FR,5,3978,Jabberbean,FR-000-7,,2200,BANK_TRANSFER,5,HORECA,2008-02-12
RO,2,7108,Skimia,RO-000-4,,38100,DIRECT_DEBIT,21,TRADER,2020-03-01
FR,5,7950,Zoomzone,FR-000-6,,35900,DIRECT_DEBIT,20,HORECA,2010-11-02
RO,4,8164,Zoozzy,RO-000-2,,28500,DIRECT_DEBIT,5,TRADER,1987-08-07
RO,5,6518,Tagpad,RO-000-2,,9900,BANK_TRANSFER,10,HORECA,2021-08-11
RO,1,8721,Skibox,RO-000-7,,46400,DIRECT_DEBIT,120,HORECA,1992-05-07
RO,3,8537,Twinder,RO-000-2,,14400,DIRECT_DEBIT,15,SCO,2008-05-10
IT,2,3888,Leexo,IT-000-7,,13900,BANK_TRANSFER,21,HORECA,2005-08-27
RO,4,5545,Browseblab,RO-000-0,,2100,DIRECT_DEBIT,60,SCO,2015-07-15
DE,1,5021,Mydo,DE-000-2,,39900,BANK_TRANSFER,10,HORECA,1986-05-02
DE,3,1726,Chatterbridge,DE-000-4,,42900,BANK_TRANSFER,120,SCO,1981-04-08
IT,3,5982,Tagchat,IT-000-8,,20700,BANK_TRANSFER,60,TRADER,2021-11-08
DE,4,6314,Quimba,DE-000-6,,7200,BANK_TRANSFER,25,HORECA,1987-08-21
RO,2,3291,Latz,RO-000-1,,14100,BANK_TRANSFER,20,TRADER,2002-12-12
RO,2,1145,Photospace,RO-000-9,,27600,DIRECT_DEBIT,5,HORECA,2019-08-14
RO,1,5724,Wordware,RO-000-6,,25000,DIRECT_DEBIT,5,TRADER,1997-05-30
FR,4,1738,Ntags,FR-000-0,,13400,DIRECT_DEBIT,3,SCO,2015-11-23
IT,3,8338,Wikizz,IT-000-2,,44100,DIRECT_DEBIT,5,SCO,1999-01-12
RO,3,4175,Voonyx,RO-000-2,,23000,BANK_TRANSFER,10,HORECA,2020-09-01
FR,5,4746,Realcube,FR-000-2,,4900,DIRECT_DEBIT,7,SCO,2009-12-24
FR,2,5791,Jamia,FR-000-5,,40800,BANK_TRANSFER,25,SCO,1986-04-20
RO,1,8472,Blogpad,RO-000-6,,15800,DIRECT_DEBIT,2,HORECA,1997-06-19
RO,1,9859,Voonder,RO-000-9,,41100,BANK_TRANSFER,20,SCO,2015-05-08
FR,1,1182,Rhyloo,FR-000-9,,2700,BANK_TRANSFER,5,TRADER,1986-11-11
FR,5,6402,Pixoboo,FR-000-2,,31700,DIRECT_DEBIT,30,TRADER,2017-11-25
RO,3,5149,Vinte,RO-000-3,,15500,DIRECT_DEBIT,25,HORECA,1982-01-07
DE,5,9106,Wordtune,DE-000-8,,39900,DIRECT_DEBIT,21,TRADER,1996-07-15
RO,2,7925,Fiveclub,RO-000-9,,12700,BANK_TRANSFER,5,SCO,2012-11-23
RO,3,6299,Avaveo,RO-000-0,,49400,BANK_TRANSFER,25,HORECA,1980-07-06
IT,3,2223,Voonix,IT-000-2,,32200,DIRECT_DEBIT,70,TRADER,1998-06-24
FR,5,6997,Yamia,FR-000-3,,43800,BANK_TRANSFER,30,HORECA,1988-12-27
FR,1,9688,Brainsphere,FR-000-7,,12700,BANK_TRANSFER,20,SCO,2012-08-20
FR,4,9153,Leexo,FR-000-9,,17100,DIRECT_DEBIT,30,SCO,2007-03-27
IT,1,5735,Voonyx,IT-000-6,,37700,DIRECT_DEBIT,20,HORECA,1999-08-18
DE,3,1957,Rhynyx,DE-000-6,,21500,DIRECT_DEBIT,60,SCO,2001-09-28
RO,2,3885,Tagtune,RO-000-9,,31000,DIRECT_DEBIT,21,HORECA,1989-12-31
DE,5,6621,Thoughtstorm,DE-000-7,,48300,DIRECT_DEBIT,10,SCO,2001-05-07
RO,5,5643,Tagfeed,RO-000-6,,23200,DIRECT_DEBIT,2,SCO,1995-11-25
FR,4,6055,Yakidoo,FR-000-6,,48000,BANK_TRANSFER,25,SCO,2016-09-02
FR,3,3644,Centidel,FR-000-5,,34700,BANK_TRANSFER,7,HORECA,1991-11-14
FR,2,5184,Skynoodle,FR-000-3,,9600,BANK_TRANSFER,25,TRADER,2015-02-08
RO,3,5542,Chatterpoint,RO-000-2,,14100,DIRECT_DEBIT,10,SCO,1995-07-22
FR,2,7840,Reallinks,FR-000-1,,35700,DIRECT_DEBIT,25,SCO,2020-05-25
DE,3,2496,Twimm,DE-000-9,,41000,BANK_TRANSFER,25,SCO,2007-07-15
RO,2,7218,Kamba,RO-000-0,,40800,DIRECT_DEBIT,25,TRADER,2018-07-08
RO,1,2083,Oyondu,RO-000-0,,14900,DIRECT_DEBIT,60,HORECA,1983-01-26
DE,2,5626,Gigabox,DE-000-0,,35600,DIRECT_DEBIT,3,HORECA,1985-01-16
RO,5,6317,Snaptags,RO-000-2,31,44600,DIRECT_DEBIT,20,TRADER,2003-12-07
RO,1,8587,Tavu,RO-000-0,,49300,BANK_TRANSFER,1,HORECA,1991-01-12
DE,5,4521,Babblestorm,DE-000-2,,34400,BANK_TRANSFER,30,HORECA,1983-07-24
RO,2,3379,Leexo,RO-000-7,,22300,DIRECT_DEBIT,60,HORECA,1982-08-12
IT,1,9473,Livetube,IT-000-9,,15300,BANK_TRANSFER,2,HORECA,1996-10-23
FR,5,6466,Trunyx,FR-000-0,,17900,BANK_TRANSFER,120,SCO,1998-11-22
DE,2,9895,Voonix,DE-000-2,,21800,DIRECT_DEBIT,2,HORECA,1985-05-11
IT,4,6476,Eare,IT-000-8,,4800,BANK_TRANSFER,25,SCO,2010-06-16
DE,3,1322,Fivebridge,DE-000-2,,8200,BANK_TRANSFER,25,HORECA,2018-11-16
RO,4,9714,Yakitri,RO-000-2,,16300,DIRECT_DEBIT,15,TRADER,2017-09-04
IT,1,5036,Lazz,IT-000-9,,24100,DIRECT_DEBIT,25,SCO,1996-10-03
IT,5,3857,Wordtune,IT-000-0,,16400,DIRECT_DEBIT,30,HORECA,1987-06-11
RO,5,4306,Voonyx,RO-000-7,30,34400,BANK_TRANSFER,5,TRADER,1992-08-22
IT,1,1995,Camido,IT-000-3,,44800,DIRECT_DEBIT,5,SCO,2018-02-16
RO,4,9890,Quatz,RO-000-6,,15100,BANK_TRANSFER,30,HORECA,1987-12-04
RO,3,4126,Jabberbean,RO-000-3,,14800,BANK_TRANSFER,25,SCO,1991-04-11
DE,1,5866,Yadel,DE-000-8,31,34300,DIRECT_DEBIT,20,TRADER,1998-12-03
DE,5,8380,Browseblab,DE-000-8,,32100,BANK_TRANSFER,15,HORECA,1990-05-28
RO,4,7029,Skaboo,RO-000-1,,25500,BANK_TRANSFER,5,SCO,1988-08-18
RO,2,3815,Skyndu,RO-000-3,,25400,DIRECT_DEBIT,1,TRADER,2020-04-14
DE,1,3353,Demizz,DE-000-5,,32900,DIRECT_DEBIT,15,HORECA,1983-02-08
IT,2,1179,Zoonder,IT-000-8,,18400,DIRECT_DEBIT,30,SCO,1985-04-20
RO,1,3364,Trunyx,RO-000-3,,13700,BANK_TRANSFER,5,HORECA,2009-08-14
IT,1,9964,BlogXS,IT-000-9,,47600,BANK_TRANSFER,7,HORECA,1993-09-05
FR,2,2509,Yakijo,FR-000-2,,33600,BANK_TRANSFER,20,HORECA,1995-06-11
IT,1,5780,Photobug,IT-000-3,,8100,DIRECT_DEBIT,1,HORECA,1987-09-01
FR,5,2079,Twitterworks,FR-000-3,,28900,BANK_TRANSFER,21,TRADER,1986-05-27
IT,2,2999,Janyx,IT-000-2,,37900,BANK_TRANSFER,21,TRADER,2019-01-11
IT,2,9132,Yamia,IT-000-4,,44200,BANK_TRANSFER,3,HORECA,2002-02-28
RO,2,5846,Dabtype,RO-000-0,,23500,DIRECT_DEBIT,3,TRADER,2020-04-21
IT,5,5716,Gabcube,IT-000-8,,10800,DIRECT_DEBIT,15,TRADER,2008-05-30
FR,4,8678,Layo,FR-000-0,,37200,BANK_TRANSFER,21,HORECA,1999-12-28
IT,4,6539,Voonyx,IT-000-0,,35700,DIRECT_DEBIT,2,SCO,1999-01-16
IT,3,6091,Avavee,IT-000-3,,17000,DIRECT_DEBIT,3,SCO,1994-09-04
IT,2,2881,Jaxnation,IT-000-1,,45400,DIRECT_DEBIT,1,HORECA,2003-11-04
DE,2,2324,Jayo,DE-000-3,,35700,DIRECT_DEBIT,15,TRADER,2003-05-08
IT,4,2675,Photojam,IT-000-9,,24800,BANK_TRANSFER,2,SCO,2006-10-02
RO,3,1613,Demivee,RO-000-6,30,1600,BANK_TRANSFER,7,TRADER,2007-06-03
IT,5,2568,Shuffledrive,IT-000-8,31,45100,BANK_TRANSFER,30,TRADER,2013-05-25
FR,4,7741,Dabfeed,FR-000-5,,45900,BANK_TRANSFER,1,TRADER,1980-01-21
IT,4,4247,Fivebridge,IT-000-4,,48400,DIRECT_DEBIT,25,HORECA,2005-10-03
IT,4,2053,Quatz,IT-000-1,,24600,DIRECT_DEBIT,30,TRADER,1988-04-12
FR,5,3429,Twitterlist,FR-000-9,,28400,BANK_TRANSFER,1,SCO,2020-12-30
IT,1,4106,Vimbo,IT-000-4,,9400,DIRECT_DEBIT,3,HORECA,1997-05-14
RO,5,9053,Blogspan,RO-000-9,,39800,BANK_TRANSFER,21,HORECA,1984-08-28
IT,3,8733,Thoughtstorm,IT-000-8,30,20700,DIRECT_DEBIT,60,HORECA,1989-10-27
FR,2,9557,Thoughtstorm,FR-000-7,,31400,DIRECT_DEBIT,3,TRADER,1996-01-07
IT,2,6934,Tagchat,IT-000-7,,5400,DIRECT_DEBIT,30,SCO,2005-04-01
DE,5,3515,Vinder,DE-000-3,,16000,DIRECT_DEBIT,30,HORECA,2003-01-06
IT,1,7842,Fatz,IT-000-9,,9300,BANK_TRANSFER,120,SCO,1999-08-27
FR,1,8258,Yadel,FR-000-2,,2900,BANK_TRANSFER,70,HORECA,2015-10-29
IT,2,3523,Dynava,IT-000-5,,6000,BANK_TRANSFER,120,HORECA,1981-10-25
IT,2,3824,Feedbug,IT-000-1,,40100,DIRECT_DEBIT,60,SCO,2017-11-21
RO,5,2623,Dynazzy,RO-000-6,,23600,BANK_TRANSFER,5,HORECA,1992-10-20
FR,4,4557,Thoughtbeat,FR-000-4,,32500,BANK_TRANSFER,120,HORECA,2005-04-09
DE,3,6700,Yodel,DE-000-6,,14200,BANK_TRANSFER,25,HORECA,1980-05-01
IT,3,9746,Gigazoom,IT-000-9,,33100,BANK_TRANSFER,60,HORECA,2011-11-06
IT,2,5687,Oyondu,IT-000-1,,18500,DIRECT_DEBIT,5,SCO,1998-01-06
RO,2,9427,Kayveo,RO-000-6,,45000,BANK_TRANSFER,2,TRADER,1992-10-08
FR,3,9705,Skinix,FR-000-9,,36000,BANK_TRANSFER,3,SCO,1990-04-18
FR,5,2031,Cogilith,FR-000-2,,14500,DIRECT_DEBIT,20,SCO,2021-01-11
RO,3,9391,Kaymbo,RO-000-4,,24000,DIRECT_DEBIT,21,HORECA,2013-11-30
RO,3,6675,Photojam,RO-000-9,,49900,BANK_TRANSFER,30,TRADER,2015-10-07
FR,2,6990,Mita,FR-000-4,,44500,BANK_TRANSFER,120,SCO,2006-01-12
DE,2,5359,Tambee,DE-000-9,,27500,DIRECT_DEBIT,15,HORECA,2013-09-07
DE,2,3638,Riffwire,DE-000-9,,10600,BANK_TRANSFER,120,TRADER,2014-10-14
DE,1,6765,Leenti,DE-000-4,,2600,BANK_TRANSFER,60,SCO,2003-03-08
RO,2,9091,Flashdog,RO-000-6,,31700,BANK_TRANSFER,120,SCO,1998-04-20
RO,2,5486,Npath,RO-000-9,,25200,DIRECT_DEBIT,2,HORECA,2001-03-16
FR,2,6452,Divape,FR-000-8,,43700,BANK_TRANSFER,20,TRADER,2008-09-10
IT,4,9319,Dablist,IT-000-4,,49600,DIRECT_DEBIT,30,SCO,1996-03-14
IT,4,1138,Gigazoom,IT-000-8,,34500,DIRECT_DEBIT,1,TRADER,2016-08-04
RO,1,1175,Trilia,RO-000-0,,10000,BANK_TRANSFER,3,TRADER,2018-02-26
FR,1,9234,Skynoodle,FR-000-2,,39400,DIRECT_DEBIT,10,HORECA,2009-08-14
DE,5,5292,Voomm,DE-000-5,,31400,BANK_TRANSFER,20,TRADER,1994-06-06
RO,3,8305,Thoughtbeat,RO-000-8,,26900,DIRECT_DEBIT,25,HORECA,1992-04-15
DE,4,3156,Wordify,DE-000-6,,11000,DIRECT_DEBIT,20,HORECA,2019-11-20
FR,5,2506,Tagpad,FR-000-8,30,49000,BANK_TRANSFER,3,HORECA,1980-05-23
RO,1,3127,Gigashots,RO-000-2,,5000,BANK_TRANSFER,25,SCO,1982-03-12
FR,5,7017,Topicshots,FR-000-7,,46800,BANK_TRANSFER,15,SCO,1981-04-27
FR,4,9089,Janyx,FR-000-7,,4400,BANK_TRANSFER,30,TRADER,1994-11-08
RO,1,9931,Dynabox,RO-000-2,,33600,DIRECT_DEBIT,7,HORECA,1997-11-13
IT,2,5910,Meembee,IT-000-1,,21400,BANK_TRANSFER,120,SCO,1981-11-01
DE,2,8596,Yakidoo,DE-000-0,,40500,DIRECT_DEBIT,1,SCO,1980-11-29
DE,5,9259,Centizu,DE-000-4,31,28900,BANK_TRANSFER,21,SCO,1998-02-25
RO,4,5809,Tazz,RO-000-4,31,28400,BANK_TRANSFER,25,TRADER,2000-03-28
DE,1,1224,Wordtune,DE-000-4,,4800,DIRECT_DEBIT,30,TRADER,2019-10-15
IT,1,6794,Twimm,IT-000-9,,46000,BANK_TRANSFER,3,SCO,1993-10-16
DE,5,1938,Realcube,DE-000-4,,43500,BANK_TRANSFER,30,HORECA,1991-07-27
IT,3,3114,Linklinks,IT-000-6,,30500,DIRECT_DEBIT,10,HORECA,1992-08-01
IT,1,4047,BlogXS,IT-000-3,,3600,BANK_TRANSFER,120,SCO,1985-05-20
FR,2,8954,Mymm,FR-000-1,,32600,BANK_TRANSFER,60,TRADER,1987-07-06
FR,2,6186,Miboo,FR-000-2,,21700,DIRECT_DEBIT,120,TRADER,1982-05-20
RO,5,6830,Yamia,RO-000-9,,2200,BANK_TRANSFER,30,HORECA,1984-11-18
IT,4,5773,Browseblab,IT-000-3,,41300,DIRECT_DEBIT,30,HORECA,1989-11-07
IT,2,2499,Demimbu,IT-000-4,,27100,BANK_TRANSFER,3,HORECA,1988-09-21
IT,4,9971,Twitterlist,IT-000-3,,29400,BANK_TRANSFER,3,TRADER,2014-01-31
IT,4,4961,Yabox,IT-000-2,,12700,BANK_TRANSFER,120,HORECA,2017-06-21
RO,1,9334,Meevee,RO-000-4,31,19900,BANK_TRANSFER,30,TRADER,1991-06-04
IT,4,1105,Plajo,IT-000-9,,21500,DIRECT_DEBIT,120,HORECA,2008-11-02
DE,2,8416,Brainbox,DE-000-3,,1800,BANK_TRANSFER,3,HORECA,2016-02-07
DE,3,4800,Aimbu,DE-000-9,,19500,DIRECT_DEBIT,70,TRADER,2009-05-09
IT,3,8531,Tagopia,IT-000-2,,32900,BANK_TRANSFER,1,TRADER,2003-03-31
IT,3,2689,Skyndu,IT-000-9,,39200,DIRECT_DEBIT,25,TRADER,1995-02-24
FR,1,4340,Kwinu,FR-000-1,,42300,DIRECT_DEBIT,60,TRADER,2002-07-31
DE,3,7858,Mynte,DE-000-6,,26900,BANK_TRANSFER,7,TRADER,1988-11-05
RO,2,1371,Zoomzone,RO-000-6,,29700,DIRECT_DEBIT,3,SCO,1989-12-25
RO,3,4549,Twinder,RO-000-5,30,15100,BANK_TRANSFER,20,HORECA,1986-08-29
IT,3,5995,Rooxo,IT-000-8,,22300,BANK_TRANSFER,20,SCO,2008-04-10
RO,4,5344,Gigashots,RO-000-0,,38700,BANK_TRANSFER,15,HORECA,1989-07-20
RO,1,8346,Vinder,RO-000-1,,16700,DIRECT_DEBIT,20,SCO,1991-04-26
IT,1,1049,Dazzlesphere,IT-000-0,31,10900,DIRECT_DEBIT,5,TRADER,1999-12-08
DE,1,8313,Rooxo,DE-000-4,,30300,DIRECT_DEBIT,10,SCO,2001-03-13
IT,2,3072,Babblestorm,IT-000-3,,16300,BANK_TRANSFER,1,HORECA,1983-02-23
RO,1,4365,Pixope,RO-000-0,,6600,DIRECT_DEBIT,21,SCO,1999-12-10
RO,4,6145,Chatterpoint,RO-000-9,,6700,BANK_TRANSFER,2,TRADER,1984-04-04
IT,2,5149,Dynabox,IT-000-3,,18600,DIRECT_DEBIT,5,TRADER,2017-01-29
DE,4,7340,Realbridge,DE-000-1,,25900,BANK_TRANSFER,5,TRADER,1993-07-19
RO,3,5732,Jaxnation,RO-000-3,30,10000,DIRECT_DEBIT,7,TRADER,2002-09-22
FR,2,3045,Ozu,FR-000-2,,23200,DIRECT_DEBIT,70,TRADER,2016-05-25
FR,5,6235,Twitterworks,FR-000-7,31,25600,DIRECT_DEBIT,10,TRADER,1996-08-22
FR,2,7410,Mycat,FR-000-9,,34300,DIRECT_DEBIT,20,HORECA,2019-09-16
DE,5,3992,Eimbee,DE-000-1,,42200,BANK_TRANSFER,15,HORECA,2015-03-12
FR,3,5017,Wikibox,FR-000-5,,24500,BANK_TRANSFER,1,HORECA,2011-12-25
DE,1,3719,Tazzy,DE-000-0,,46600,BANK_TRANSFER,7,SCO,1990-06-20
DE,2,7755,Wikivu,DE-000-5,,45500,DIRECT_DEBIT,120,HORECA,2021-11-05
IT,5,2035,Quimba,IT-000-7,,44100,BANK_TRANSFER,10,SCO,2015-06-16
DE,4,2900,Layo,DE-000-5,,49200,DIRECT_DEBIT,25,HORECA,2006-02-24
FR,3,9235,Lazz,FR-000-1,,20900,BANK_TRANSFER,1,SCO,1999-09-26
IT,2,3626,Jabbersphere,IT-000-8,,38500,DIRECT_DEBIT,120,HORECA,1982-11-18
DE,5,9634,Brainsphere,DE-000-4,,30300,DIRECT_DEBIT,60,HORECA,1999-07-02
DE,1,4968,Mynte,DE-000-4,31,40600,DIRECT_DEBIT,25,HORECA,2013-07-23
RO,4,7749,Photofeed,RO-000-4,,5200,BANK_TRANSFER,3,SCO,2002-05-01
RO,5,9283,Blogpad,RO-000-0,30,48700,DIRECT_DEBIT,60,SCO,1994-04-23
FR,1,4153,Voonder,FR-000-9,,45600,DIRECT_DEBIT,15,TRADER,2005-11-15
IT,1,7967,Photospace,IT-000-4,,11300,DIRECT_DEBIT,1,HORECA,1995-12-25
RO,3,5876,Avamba,RO-000-2,,9700,BANK_TRANSFER,120,TRADER,1994-08-06
RO,5,7251,Brainbox,RO-000-8,,27100,DIRECT_DEBIT,10,HORECA,2015-04-03
RO,2,2717,Lajo,RO-000-3,,12000,BANK_TRANSFER,120,TRADER,1997-10-16
DE,1,1415,Tazz,DE-000-8,,24100,BANK_TRANSFER,20,HORECA,1997-09-28
FR,1,2048,Livetube,FR-000-8,,41900,BANK_TRANSFER,3,TRADER,2001-03-22
DE,2,1593,Latz,DE-000-6,,5300,BANK_TRANSFER,120,HORECA,2013-08-31
DE,4,9589,Kayveo,DE-000-4,,2600,DIRECT_DEBIT,70,SCO,2006-04-20
RO,3,5338,Wikizz,RO-000-8,,12100,BANK_TRANSFER,1,HORECA,1987-06-09
RO,5,7797,Skippad,RO-000-2,,38200,DIRECT_DEBIT,20,SCO,1980-06-18
FR,3,9279,Trilith,FR-000-9,31,49000,DIRECT_DEBIT,20,TRADER,1997-03-06
IT,1,8833,Youtags,IT-000-8,,42700,DIRECT_DEBIT,10,SCO,2016-02-02
FR,3,6093,Voonte,FR-000-3,,31700,DIRECT_DEBIT,7,TRADER,2005-02-15
RO,2,4313,Talane,RO-000-1,,8700,BANK_TRANSFER,10,TRADER,2009-02-23
IT,1,4710,Skimia,IT-000-1,,50000,DIRECT_DEBIT,20,TRADER,2019-08-31
RO,2,2533,Devcast,RO-000-8,,14600,DIRECT_DEBIT,7,TRADER,2006-09-18
FR,5,3022,Ainyx,FR-000-7,,30200,BANK_TRANSFER,30,TRADER,2003-12-23
DE,4,5712,Thoughtstorm,DE-000-6,,40600,DIRECT_DEBIT,20,TRADER,1991-12-26
DE,5,9379,Flipbug,DE-000-1,,18700,BANK_TRANSFER,15,HORECA,2007-06-28
DE,1,5316,Skivee,DE-000-5,,24000,DIRECT_DEBIT,7,HORECA,1985-11-28
DE,4,1490,Twitterwire,DE-000-4,,16200,BANK_TRANSFER,1,TRADER,2006-07-20
DE,2,1535,Edgeify,DE-000-3,,14700,BANK_TRANSFER,20,SCO,1995-12-24
IT,4,4487,Kaymbo,IT-000-5,,11500,DIRECT_DEBIT,3,SCO,2018-02-06
IT,2,4038,Topiczoom,IT-000-7,,34200,BANK_TRANSFER,60,SCO,1995-12-16
DE,3,3871,Vinte,DE-000-1,,1100,DIRECT_DEBIT,2,SCO,1980-10-11
RO,2,2484,Shufflebeat,RO-000-4,,41100,BANK_TRANSFER,15,TRADER,1989-04-23
FR,4,2267,Topicware,FR-000-0,,2000,DIRECT_DEBIT,1,TRADER,2018-09-18
RO,4,1591,Flashspan,RO-000-4,,38700,DIRECT_DEBIT,10,TRADER,1984-04-15
FR,2,7936,Snaptags,FR-000-1,,27800,DIRECT_DEBIT,1,TRADER,1997-01-17
DE,4,1606,Rhyzio,DE-000-8,30,40200,BANK_TRANSFER,30,SCO,1990-09-13
RO,4,7251,Jamia,RO-000-3,,17300,BANK_TRANSFER,3,HORECA,1981-04-06
DE,4,2285,Eidel,DE-000-3,,24100,DIRECT_DEBIT,20,SCO,1980-11-22
FR,4,9826,Vipe,FR-000-8,,27100,DIRECT_DEBIT,7,SCO,2012-05-14
IT,3,2481,Eayo,IT-000-2,,33400,DIRECT_DEBIT,25,HORECA,1993-03-19
FR,2,4505,Skalith,FR-000-9,,27900,DIRECT_DEBIT,25,TRADER,2020-01-03
FR,4,7602,Muxo,FR-000-1,,5100,DIRECT_DEBIT,3,SCO,2001-12-27
RO,3,8267,Oyoyo,RO-000-3,,46100,DIRECT_DEBIT,21,SCO,1993-12-07
RO,3,5069,Devbug,RO-000-5,,35100,BANK_TRANSFER,3,HORECA,2015-02-28
DE,2,6213,Topiclounge,DE-000-8,,50000,BANK_TRANSFER,1,SCO,1997-07-03
FR,1,7438,Edgeify,FR-000-4,,1500,BANK_TRANSFER,30,HORECA,1992-03-17
IT,3,3264,Fliptune,IT-000-3,,15700,DIRECT_DEBIT,7,HORECA,2008-03-18
IT,1,4678,Zava,IT-000-0,,39000,DIRECT_DEBIT,21,TRADER,2014-11-24
DE,4,2070,Mynte,DE-000-7,,2900,BANK_TRANSFER,3,SCO,2009-01-25
RO,5,3851,Rhybox,RO-000-9,,34600,BANK_TRANSFER,15,SCO,2005-09-26
FR,4,9775,Shuffledrive,FR-000-1,,19300,DIRECT_DEBIT,2,TRADER,1992-05-27
IT,4,4764,Brainbox,IT-000-5,,46300,BANK_TRANSFER,70,SCO,2011-02-04
DE,5,8321,Innotype,DE-000-9,,14300,DIRECT_DEBIT,3,TRADER,1995-09-14
DE,3,4105,Topiclounge,DE-000-7,,2300,DIRECT_DEBIT,25,HORECA,2008-03-19
DE,5,5948,Mita,DE-000-8,,9800,DIRECT_DEBIT,25,SCO,2018-06-06
FR,3,8341,Edgeclub,FR-000-9,,8700,BANK_TRANSFER,25,HORECA,2008-07-17
DE,3,7996,Camimbo,DE-000-5,,5100,DIRECT_DEBIT,3,SCO,1980-07-17
RO,4,9561,Feedbug,RO-000-8,,47600,DIRECT_DEBIT,21,HORECA,1995-06-14
RO,1,8917,Digitube,RO-000-3,,47700,BANK_TRANSFER,10,TRADER,2006-09-08
DE,3,6667,Demizz,DE-000-6,,28400,BANK_TRANSFER,2,HORECA,1982-12-06
RO,4,6884,Eidel,RO-000-4,,27200,BANK_TRANSFER,60,TRADER,1981-10-12
IT,1,5166,Jaxbean,IT-000-6,,16400,DIRECT_DEBIT,21,HORECA,1982-12-17
IT,4,6579,Omba,IT-000-9,,41600,DIRECT_DEBIT,60,HORECA,1981-07-24
RO,1,5664,Buzzdog,RO-000-5,30,31400,BANK_TRANSFER,60,SCO,2013-06-16
RO,3,2020,Youspan,RO-000-8,,46900,DIRECT_DEBIT,70,SCO,1990-12-29
FR,1,3558,Livetube,FR-000-7,,35700,BANK_TRANSFER,120,SCO,2006-04-16
DE,1,8208,Trupe,DE-000-2,,47400,BANK_TRANSFER,15,SCO,2019-11-20
RO,4,7060,Eimbee,RO-000-7,,23600,BANK_TRANSFER,1,SCO,2006-11-27
DE,3,1743,Cogilith,DE-000-4,,3000,BANK_TRANSFER,120,TRADER,2012-03-23
IT,3,1217,Innojam,IT-000-5,,12700,DIRECT_DEBIT,20,SCO,2002-08-13
FR,1,1679,Yotz,FR-000-0,,2200,BANK_TRANSFER,25,SCO,1981-03-29
IT,2,1441,Thoughtmix,IT-000-8,,27100,BANK_TRANSFER,25,HORECA,1980-03-07
IT,2,7562,Zoomlounge,IT-000-3,,6300,DIRECT_DEBIT,10,HORECA,2017-05-26
IT,5,4022,Snaptags,IT-000-9,,45200,BANK_TRANSFER,21,TRADER,1995-06-18
DE,3,4210,Thoughtsphere,DE-000-5,,49500,DIRECT_DEBIT,120,SCO,1993-12-17
RO,4,8795,Ntag,RO-000-6,,13800,DIRECT_DEBIT,5,HORECA,1981-11-15
RO,5,9332,Edgeclub,RO-000-5,,12100,BANK_TRANSFER,3,HORECA,2006-10-15
RO,5,6020,Brainverse,RO-000-4,,10200,DIRECT_DEBIT,20,TRADER,1996-09-20
RO,3,4263,Linktype,RO-000-8,,47500,BANK_TRANSFER,30,SCO,1999-02-14
IT,1,4109,Jamia,IT-000-5,,32700,BANK_TRANSFER,15,TRADER,1998-04-22
IT,5,4565,Miboo,IT-000-9,31,28600,BANK_TRANSFER,70,HORECA,1993-03-07
RO,1,4828,Youtags,RO-000-8,31,16700,DIRECT_DEBIT,1,HORECA,2019-07-07
FR,1,1189,Rooxo,FR-000-4,,24000,BANK_TRANSFER,20,TRADER,2020-11-06
IT,1,5474,Flashpoint,IT-000-5,31,24300,BANK_TRANSFER,15,HORECA,1999-08-16
DE,5,9572,Fatz,DE-000-5,,36000,BANK_TRANSFER,1,SCO,2001-12-10
FR,1,6151,Topicware,FR-000-9,,13000,BANK_TRANSFER,2,HORECA,1986-10-13
IT,3,2676,Quinu,IT-000-7,,33000,DIRECT_DEBIT,2,HORECA,1992-10-30
IT,1,4766,Oyoyo,IT-000-9,,48700,DIRECT_DEBIT,7,TRADER,2016-02-10
FR,2,6883,Kwideo,FR-000-3,,30800,DIRECT_DEBIT,7,SCO,2002-12-06
IT,5,4472,Brightbean,IT-000-3,,17200,BANK_TRANSFER,25,TRADER,2005-01-10
FR,2,8744,Latz,FR-000-0,,4700,BANK_TRANSFER,21,HORECA,2006-03-20
FR,1,2284,Meevee,FR-000-6,,40200,BANK_TRANSFER,15,SCO,2007-06-11
DE,3,4300,Oyoyo,DE-000-9,,9700,DIRECT_DEBIT,120,SCO,1988-09-13
DE,5,5876,Buzzbean,DE-000-4,,31800,DIRECT_DEBIT,120,SCO,1992-04-02
DE,4,4298,Zoomlounge,DE-000-3,,9800,BANK_TRANSFER,21,SCO,1996-12-03
DE,2,4894,Dynabox,DE-000-4,,49800,DIRECT_DEBIT,2,TRADER,2007-01-11
DE,5,1140,Twitterlist,DE-000-1,,39900,BANK_TRANSFER,60,TRADER,1993-05-10
IT,2,2896,Skimia,IT-000-1,,21000,DIRECT_DEBIT,20,SCO,2006-07-24
RO,2,8665,Oloo,RO-000-8,31,46200,DIRECT_DEBIT,5,HORECA,1999-01-08
IT,2,3957,Bubbletube,IT-000-8,30,49000,DIRECT_DEBIT,15,SCO,1985-10-10
IT,4,4693,Agimba,IT-000-2,,24100,BANK_TRANSFER,25,SCO,2021-07-23
RO,5,5020,Yombu,RO-000-5,,42100,DIRECT_DEBIT,5,TRADER,1993-08-05
FR,1,6040,Mydeo,FR-000-2,,15500,BANK_TRANSFER,10,HORECA,2018-03-06
DE,2,6653,Minyx,DE-000-1,,47800,DIRECT_DEBIT,7,HORECA,2003-12-14
RO,4,7185,Skaboo,RO-000-4,,22500,DIRECT_DEBIT,120,HORECA,2010-07-24
DE,1,5506,Tambee,DE-000-8,,22000,BANK_TRANSFER,20,TRADER,2004-03-01
RO,1,1598,Eadel,RO-000-5,,7900,DIRECT_DEBIT,20,HORECA,1981-06-24
RO,4,9424,Aibox,RO-000-1,,2100,BANK_TRANSFER,15,TRADER,2005-06-17
RO,2,1953,Skalith,RO-000-2,30,47200,DIRECT_DEBIT,1,TRADER,1983-08-26
FR,1,1552,Oyondu,FR-000-8,,17600,BANK_TRANSFER,21,TRADER,1986-03-07
RO,5,6791,Livetube,RO-000-1,,38900,BANK_TRANSFER,7,HORECA,1986-07-20
RO,1,7821,Zoombox,RO-000-7,,43800,DIRECT_DEBIT,7,TRADER,2003-01-23
DE,1,2137,DabZ,DE-000-1,,43100,DIRECT_DEBIT,120,TRADER,1987-06-07
RO,5,8904,Zoomzone,RO-000-3,,40700,BANK_TRANSFER,15,HORECA,2007-07-22
DE,1,2438,Feedmix,DE-000-4,,4700,DIRECT_DEBIT,7,SCO,1990-01-06
FR,5,9454,Tavu,FR-000-7,,36200,DIRECT_DEBIT,20,TRADER,2012-12-27
FR,5,4078,Quatz,FR-000-5,,40300,DIRECT_DEBIT,10,SCO,1981-10-31
FR,5,7112,Linktype,FR-000-0,,39200,BANK_TRANSFER,25,TRADER,2002-04-08
FR,5,7604,Voonix,FR-000-2,,40500,BANK_TRANSFER,25,SCO,2001-03-24
IT,3,6564,Skyndu,IT-000-5,31,31200,BANK_TRANSFER,21,HORECA,1983-06-28
FR,5,8593,Youfeed,FR-000-2,31,28500,BANK_TRANSFER,2,HORECA,1983-01-04
DE,5,1049,Gevee,DE-000-9,,2200,DIRECT_DEBIT,25,TRADER,1995-08-07
IT,4,8541,Blognation,IT-000-3,31,10500,DIRECT_DEBIT,1,SCO,1993-05-16
DE,3,6750,Kwilith,DE-000-2,,35500,DIRECT_DEBIT,120,SCO,1986-09-12
DE,5,1664,Brainverse,DE-000-4,,32200,DIRECT_DEBIT,10,TRADER,1989-12-20
RO,2,6686,Vimbo,RO-000-5,,49900,BANK_TRANSFER,1,HORECA,2017-09-24
FR,5,9754,Gabspot,FR-000-2,,26900,BANK_TRANSFER,120,HORECA,1981-02-23
IT,3,7356,Avamba,IT-000-7,,38900,DIRECT_DEBIT,1,HORECA,2004-07-02
IT,5,7290,Twimbo,IT-000-4,31,46900,BANK_TRANSFER,60,TRADER,2010-11-25
IT,4,2007,Browsetype,IT-000-8,,31400,BANK_TRANSFER,1,HORECA,1990-08-07
RO,4,8255,Cogidoo,RO-000-3,,36400,BANK_TRANSFER,10,SCO,2001-01-16
RO,3,1376,Quatz,RO-000-6,,30600,DIRECT_DEBIT,10,HORECA,1994-01-03
FR,4,8413,Tagtune,FR-000-2,,25000,BANK_TRANSFER,70,SCO,1983-01-21
IT,3,4651,Trudeo,IT-000-4,,21700,DIRECT_DEBIT,60,HORECA,2001-04-10
FR,1,8396,Yakijo,FR-000-8,,31000,BANK_TRANSFER,120,HORECA,2020-12-22
RO,2,6279,Centimia,RO-000-1,,12500,BANK_TRANSFER,15,HORECA,1985-01-14
IT,2,7986,Zoomzone,IT-000-2,,44600,BANK_TRANSFER,20,TRADER,2003-08-26
DE,2,6499,Bluejam,DE-000-9,,22600,BANK_TRANSFER,120,HORECA,1997-04-25
RO,1,8117,Rhyzio,RO-000-5,,4600,DIRECT_DEBIT,7,HORECA,2020-01-13
IT,1,8837,Oyonder,IT-000-0,,1800,DIRECT_DEBIT,70,HORECA,2014-11-18
RO,5,7200,Edgetag,RO-000-4,,9300,BANK_TRANSFER,70,SCO,2004-03-29
DE,5,8938,Twitterbridge,DE-000-3,,37000,DIRECT_DEBIT,21,TRADER,2011-07-28
RO,4,7012,Abatz,RO-000-0,,34800,BANK_TRANSFER,3,TRADER,1989-07-18
FR,2,3543,Vinder,FR-000-5,,5600,DIRECT_DEBIT,70,SCO,1992-08-07
IT,1,2124,Edgeblab,IT-000-9,,47300,DIRECT_DEBIT,5,TRADER,1988-07-09
IT,3,6403,Twinder,IT-000-9,,11400,DIRECT_DEBIT,5,TRADER,1997-11-18
FR,5,2551,Reallinks,FR-000-0,,15100,BANK_TRANSFER,60,SCO,1986-05-03
DE,3,2331,Vinte,DE-000-1,,50000,DIRECT_DEBIT,30,TRADER,1997-01-06
FR,2,8229,Meevee,FR-000-5,31,45200,DIRECT_DEBIT,21,TRADER,2006-10-24
IT,4,1371,Photofeed,IT-000-8,30,15800,DIRECT_DEBIT,70,TRADER,2004-07-16
DE,2,5428,Edgeblab,DE-000-7,,36800,BANK_TRANSFER,70,TRADER,1991-08-23
DE,3,8397,Reallinks,DE-000-9,,48300,BANK_TRANSFER,5,TRADER,2008-03-06
DE,4,8234,Trudeo,DE-000-2,,9100,DIRECT_DEBIT,2,TRADER,2017-10-27
RO,2,1788,Fiveclub,RO-000-5,,42900,DIRECT_DEBIT,7,HORECA,1993-03-26
DE,2,9336,Flipbug,DE-000-9,,45500,BANK_TRANSFER,5,SCO,1994-09-11
RO,4,9399,Zava,RO-000-5,,30000,BANK_TRANSFER,2,TRADER,2012-04-22
DE,3,1347,Kanoodle,DE-000-7,,41300,DIRECT_DEBIT,20,SCO,1980-10-16
DE,3,8758,Leenti,DE-000-7,,34600,BANK_TRANSFER,60,TRADER,1985-01-31
DE,3,9016,Ntag,DE-000-3,,11900,DIRECT_DEBIT,15,SCO,1990-09-18
RO,5,6982,Divape,RO-000-8,31,40800,DIRECT_DEBIT,20,TRADER,1988-07-21
RO,4,9294,Oyonder,RO-000-9,,4400,BANK_TRANSFER,7,SCO,1995-05-31
FR,4,3466,Centizu,FR-000-8,,35500,BANK_TRANSFER,20,TRADER,2006-06-04
FR,2,4293,Rhynyx,FR-000-4,,39300,BANK_TRANSFER,15,HORECA,2018-11-18
DE,3,9320,Quamba,DE-000-1,,2600,DIRECT_DEBIT,1,SCO,2017-12-02
RO,2,3911,Tagfeed,RO-000-5,,2400,BANK_TRANSFER,2,TRADER,2004-04-15
FR,1,2634,Zoonoodle,FR-000-3,,17800,DIRECT_DEBIT,21,HORECA,1987-04-11
DE,4,5595,Izio,DE-000-1,,31200,BANK_TRANSFER,2,TRADER,2014-08-28
IT,2,5229,Cogibox,IT-000-8,,17600,BANK_TRANSFER,15,TRADER,2012-07-10
FR,2,4822,Jabbersphere,FR-000-7,,39500,BANK_TRANSFER,70,TRADER,2012-09-24
IT,5,2527,Camido,IT-000-4,30,33400,BANK_TRANSFER,120,TRADER,2009-06-29
IT,4,2016,Fliptune,IT-000-3,,32100,BANK_TRANSFER,30,TRADER,1997-11-13
IT,1,4077,Tanoodle,IT-000-2,,16000,DIRECT_DEBIT,60,TRADER,2017-10-30
DE,5,5997,Zoonder,DE-000-8,,4100,DIRECT_DEBIT,120,SCO,2002-06-08
IT,4,4027,Youtags,IT-000-9,,47000,BANK_TRANSFER,2,TRADER,1981-03-18
DE,5,5048,Skipfire,DE-000-7,30,24500,BANK_TRANSFER,30,SCO,1997-03-09
DE,4,7365,Npath,DE-000-5,,20800,BANK_TRANSFER,20,HORECA,1999-02-09
IT,1,3816,Twiyo,IT-000-4,,45500,BANK_TRANSFER,30,HORECA,1996-05-21
FR,4,4626,Eimbee,FR-000-5,,32400,DIRECT_DEBIT,70,HORECA,2008-06-09
RO,3,7975,Feedbug,RO-000-4,,24700,DIRECT_DEBIT,20,HORECA,2015-12-02
RO,4,8098,Flipopia,RO-000-9,,2500,BANK_TRANSFER,70,HORECA,1994-04-24
IT,1,8257,Pixope,IT-000-6,,44000,DIRECT_DEBIT,2,HORECA,1981-11-01
FR,1,5972,Tagpad,FR-000-8,,48400,BANK_TRANSFER,60,SCO,2017-01-08
FR,1,1974,Twiyo,FR-000-2,,44000,BANK_TRANSFER,1,TRADER,1996-11-25
IT,4,2897,Twitternation,IT-000-5,,37500,BANK_TRANSFER,60,HORECA,2003-09-14
FR,1,9977,Shufflester,FR-000-6,,5300,BANK_TRANSFER,5,TRADER,2011-03-23
FR,4,2748,Livefish,FR-000-1,,46100,DIRECT_DEBIT,1,SCO,1992-10-17
DE,5,2909,Dynava,DE-000-3,,9000,BANK_TRANSFER,7,HORECA,1997-11-19
IT,1,9248,Yakidoo,IT-000-9,,37300,BANK_TRANSFER,60,HORECA,1989-09-11
FR,5,9150,Voonder,FR-000-4,,44900,DIRECT_DEBIT,1,TRADER,2009-07-17
DE,1,5497,Fiveclub,DE-000-7,,3100,BANK_TRANSFER,30,TRADER,1992-04-05
DE,3,5731,Centizu,DE-000-2,,24100,BANK_TRANSFER,10,TRADER,2017-06-01
RO,3,6874,Jabbersphere,RO-000-1,,24600,BANK_TRANSFER,60,SCO,2001-10-29
FR,1,7601,Browseblab,FR-000-8,,37100,BANK_TRANSFER,3,HORECA,1981-11-29
FR,1,1939,Yodo,FR-000-9,,49900,BANK_TRANSFER,120,TRADER,2005-06-30
RO,2,5262,Zoomdog,RO-000-2,,12900,DIRECT_DEBIT,2,TRADER,2019-04-27
FR,5,7169,Kwimbee,FR-000-1,,7600,DIRECT_DEBIT,10,HORECA,1999-02-15
IT,1,2406,Jetwire,IT-000-0,30,40600,BANK_TRANSFER,20,SCO,1989-10-14
DE,4,1068,Devpoint,DE-000-6,,16300,DIRECT_DEBIT,20,SCO,2014-02-12
RO,2,6956,Oozz,RO-000-0,,11200,DIRECT_DEBIT,10,TRADER,1991-01-11
IT,5,3347,Devbug,IT-000-8,,37000,BANK_TRANSFER,21,HORECA,1999-04-29
FR,5,5404,Shuffletag,FR-000-2,,6200,DIRECT_DEBIT,25,TRADER,2017-05-27
IT,1,7015,Quamba,IT-000-4,,34100,BANK_TRANSFER,21,TRADER,2017-02-20
FR,2,5923,Voolith,FR-000-4,,22500,DIRECT_DEBIT,70,HORECA,1989-07-15
RO,2,1119,Tagfeed,RO-000-0,,9700,BANK_TRANSFER,5,HORECA,1991-07-02
FR,3,2229,Jabbercube,FR-000-1,,42000,BANK_TRANSFER,21,HORECA,1997-06-05
RO,3,3903,Einti,RO-000-3,31,16900,DIRECT_DEBIT,3,SCO,1986-06-20
DE,4,6249,Voonte,DE-000-7,,16900,DIRECT_DEBIT,7,HORECA,1985-06-28
IT,4,9529,Devify,IT-000-3,,36000,DIRECT_DEBIT,2,SCO,2015-02-05
RO,5,7631,Topicblab,RO-000-6,,24600,DIRECT_DEBIT,20,TRADER,2001-01-13
DE,1,9964,Skidoo,DE-000-7,,13700,DIRECT_DEBIT,60,TRADER,2007-03-05
RO,1,3416,Wikizz,RO-000-7,,27800,DIRECT_DEBIT,1,HORECA,2020-04-30
IT,2,1988,Yodoo,IT-000-2,,5300,DIRECT_DEBIT,120,HORECA,1991-06-28
RO,1,1446,Zooxo,RO-000-3,,35700,BANK_TRANSFER,1,TRADER,2007-06-28
FR,4,7626,Wikizz,FR-000-9,30,8900,DIRECT_DEBIT,30,TRADER,2019-04-13
RO,2,1948,Skynoodle,RO-000-5,,25600,DIRECT_DEBIT,2,SCO,1999-02-16
IT,2,5303,Fivespan,IT-000-2,,47000,BANK_TRANSFER,2,TRADER,1992-01-13
FR,3,9146,Skipstorm,FR-000-4,30,24400,DIRECT_DEBIT,70,HORECA,1988-04-02
DE,3,2274,Photospace,DE-000-1,,49800,DIRECT_DEBIT,1,TRADER,2003-10-06
DE,4,1383,Wikizz,DE-000-1,,5200,BANK_TRANSFER,2,SCO,1981-11-12
RO,3,1051,Buzzbean,RO-000-1,,18200,BANK_TRANSFER,1,HORECA,1981-08-15
FR,1,7601,Browseblab,FR-000-5,,36400,DIRECT_DEBIT,120,HORECA,1993-07-29
FR,1,9430,Linktype,FR-000-8,,18600,DIRECT_DEBIT,1,TRADER,2018-09-16
RO,2,4165,Oba,RO-000-0,30,6200,DIRECT_DEBIT,10,TRADER,1998-05-16
RO,2,1083,Dabjam,RO-000-2,,25100,BANK_TRANSFER,70,HORECA,2005-09-29
IT,3,8849,Voomm,IT-000-7,,32500,DIRECT_DEBIT,30,TRADER,1992-12-21
IT,1,3437,Rhyzio,IT-000-7,,1800,DIRECT_DEBIT,30,TRADER,1998-07-03
RO,4,5162,Skyba,RO-000-2,,33300,DIRECT_DEBIT,20,SCO,2018-01-12
FR,3,5958,Roodel,FR-000-6,,30900,BANK_TRANSFER,3,TRADER,2015-11-22
FR,5,8016,Trupe,FR-000-8,,5400,DIRECT_DEBIT,20,SCO,2021-07-01
RO,4,9492,Skidoo,RO-000-0,,16100,DIRECT_DEBIT,25,SCO,2020-07-06
IT,1,9247,Lajo,IT-000-9,,35400,BANK_TRANSFER,5,TRADER,2020-06-02
RO,5,8687,Fivespan,RO-000-8,,32300,BANK_TRANSFER,2,HORECA,1993-06-28
DE,3,3216,Tagfeed,DE-000-4,,21000,DIRECT_DEBIT,3,HORECA,2007-09-03
IT,5,3938,Quire,IT-000-9,,22800,DIRECT_DEBIT,10,HORECA,1983-03-17
IT,4,6900,Buzzbean,IT-000-8,30,41800,BANK_TRANSFER,25,TRADER,2007-11-05
IT,3,9858,Oba,IT-000-8,,21600,DIRECT_DEBIT,20,SCO,1990-05-24
IT,1,9430,Yodel,IT-000-9,30,4000,BANK_TRANSFER,1,HORECA,1997-02-01
IT,5,8139,Kayveo,IT-000-6,,11900,DIRECT_DEBIT,60,TRADER,2007-07-19
DE,3,2568,Thoughtsphere,DE-000-4,,49100,DIRECT_DEBIT,20,TRADER,2004-07-12
IT,2,9187,Gabtype,IT-000-3,,16300,DIRECT_DEBIT,25,TRADER,2012-03-29
RO,4,1320,Devify,RO-000-4,,9300,DIRECT_DEBIT,10,HORECA,1988-07-09
IT,1,1081,Feedbug,IT-000-1,,41600,DIRECT_DEBIT,60,SCO,2015-07-27
DE,3,6748,Yakitri,DE-000-1,,32900,BANK_TRANSFER,5,TRADER,1989-01-06
DE,1,2973,Yozio,DE-000-3,30,8000,DIRECT_DEBIT,120,SCO,1996-06-01
IT,2,3438,Meetz,IT-000-5,,9400,DIRECT_DEBIT,15,SCO,2011-04-20
RO,2,2821,Edgewire,RO-000-0,,4100,BANK_TRANSFER,7,HORECA,2008-05-23
RO,5,9472,Devshare,RO-000-5,,33700,DIRECT_DEBIT,3,SCO,2008-12-16
FR,1,7907,Skinder,FR-000-1,,20200,DIRECT_DEBIT,7,SCO,2011-08-24
IT,3,8453,Mynte,IT-000-6,,30400,BANK_TRANSFER,3,TRADER,2009-08-04
RO,2,6706,Bubblebox,RO-000-3,,39700,DIRECT_DEBIT,15,HORECA,2003-03-06
IT,2,9867,Mydeo,IT-000-9,,16000,BANK_TRANSFER,21,TRADER,1983-04-14
DE,2,1922,Linkbridge,DE-000-0,,14400,BANK_TRANSFER,5,TRADER,2013-01-07
FR,4,2745,Vidoo,FR-000-4,,15500,BANK_TRANSFER,10,TRADER,1996-12-06
FR,5,9137,Oodoo,FR-000-2,,30100,BANK_TRANSFER,60,HORECA,1995-12-18
DE,2,8617,Topicstorm,DE-000-1,,38600,BANK_TRANSFER,70,SCO,1990-10-11
RO,5,7813,Photolist,RO-000-4,,21800,DIRECT_DEBIT,21,HORECA,1997-07-02
RO,4,2987,Jaxspan,RO-000-7,31,25200,BANK_TRANSFER,5,TRADER,1990-08-02
RO,1,8573,Meejo,RO-000-3,,24900,DIRECT_DEBIT,15,TRADER,2006-11-19
FR,2,9108,Brightbean,FR-000-2,,40300,BANK_TRANSFER,2,SCO,1989-10-11
FR,3,4942,Browsedrive,FR-000-0,,22700,DIRECT_DEBIT,60,TRADER,2019-01-19
RO,4,8825,Livefish,RO-000-5,,38600,DIRECT_DEBIT,60,SCO,1985-03-15
FR,4,6649,Dablist,FR-000-1,,23100,DIRECT_DEBIT,10,TRADER,1993-10-17
IT,2,6009,Jabberbean,IT-000-2,,11100,DIRECT_DEBIT,2,HORECA,1995-12-11
RO,5,9252,Lazzy,RO-000-4,,24500,BANK_TRANSFER,7,TRADER,1994-10-18
DE,4,3149,Bluezoom,DE-000-7,,10100,DIRECT_DEBIT,2,SCO,1996-09-25
IT,1,5455,Izio,IT-000-6,,25000,DIRECT_DEBIT,1,HORECA,1996-05-21
FR,2,4031,Dynava,FR-000-9,31,32100,BANK_TRANSFER,60,HORECA,1988-06-29
DE,2,2172,Fatz,DE-000-3,,29600,BANK_TRANSFER,20,SCO,1986-01-09
RO,5,8446,Kare,RO-000-7,,35000,DIRECT_DEBIT,70,TRADER,1983-10-29
DE,5,2654,Yozio,DE-000-6,,10700,DIRECT_DEBIT,21,TRADER,2008-04-22
IT,2,5025,Realbridge,IT-000-0,,29400,BANK_TRANSFER,25,SCO,2014-04-06
FR,1,9649,Trunyx,FR-000-0,,31700,DIRECT_DEBIT,120,SCO,2000-12-26
IT,2,9370,Wordware,IT-000-1,,45300,BANK_TRANSFER,5,HORECA,1985-07-28
RO,5,3966,Youtags,RO-000-0,,7000,DIRECT_DEBIT,25,TRADER,2004-10-17
FR,1,6996,Mita,FR-000-3,,43300,DIRECT_DEBIT,2,TRADER,2017-03-09
RO,3,5238,Dynazzy,RO-000-6,,46400,BANK_TRANSFER,21,SCO,2020-10-03
IT,5,4450,Gigaclub,IT-000-9,,22400,DIRECT_DEBIT,25,HORECA,1999-04-09
RO,1,1242,Omba,RO-000-6,,8000,BANK_TRANSFER,70,HORECA,2013-06-24
RO,1,5995,Meevee,RO-000-3,30,48300,DIRECT_DEBIT,5,HORECA,1998-07-22
IT,2,6259,Riffpedia,IT-000-0,,46200,DIRECT_DEBIT,5,SCO,2012-08-16
IT,4,2035,Browsecat,IT-000-8,,43600,BANK_TRANSFER,15,TRADER,2021-06-17
RO,4,9576,Meemm,RO-000-9,,11800,BANK_TRANSFER,120,TRADER,2011-02-19
IT,5,5693,Topiclounge,IT-000-6,,2900,DIRECT_DEBIT,1,SCO,1985-10-19
FR,1,4664,Wikido,FR-000-6,,8800,BANK_TRANSFER,60,TRADER,1995-02-23
DE,5,4036,Flashset,DE-000-0,,30900,BANK_TRANSFER,3,TRADER,2004-06-07
IT,5,9666,Demivee,IT-000-8,,41900,BANK_TRANSFER,60,TRADER,2020-08-24
IT,3,7743,Quatz,IT-000-9,,16600,DIRECT_DEBIT,5,TRADER,1981-10-19
IT,1,1616,Geba,IT-000-0,,21600,BANK_TRANSFER,25,TRADER,2020-04-26
RO,1,3528,Jaloo,RO-000-4,,34700,BANK_TRANSFER,5,SCO,1992-07-15
FR,5,8653,Edgetag,FR-000-7,,15300,DIRECT_DEBIT,10,SCO,2017-08-31
FR,2,7082,Eayo,FR-000-1,,33200,BANK_TRANSFER,7,HORECA,1989-04-20
FR,4,4675,Avaveo,FR-000-4,,44000,DIRECT_DEBIT,21,SCO,1999-12-09
IT,5,8599,Reallinks,IT-000-9,,12300,BANK_TRANSFER,7,TRADER,2021-05-28
RO,3,8019,Mydo,RO-000-9,30,33900,DIRECT_DEBIT,30,TRADER,1980-07-29
RO,1,4499,InnoZ,RO-000-7,,21300,BANK_TRANSFER,2,HORECA,2003-07-04
DE,3,2556,Latz,DE-000-4,,32500,BANK_TRANSFER,30,HORECA,2003-01-03
RO,4,7801,Kimia,RO-000-3,,1100,DIRECT_DEBIT,2,HORECA,1995-12-26
RO,4,6282,Oodoo,RO-000-7,,6100,BANK_TRANSFER,21,HORECA,2001-02-21
FR,3,1848,Youtags,FR-000-1,31,19700,BANK_TRANSFER,5,HORECA,2013-09-27
IT,5,9150,Vidoo,IT-000-3,30,40100,BANK_TRANSFER,25,SCO,1984-11-29
DE,4,2723,Ozu,DE-000-2,,34800,BANK_TRANSFER,7,SCO,2008-07-28
DE,2,9815,Eare,DE-000-5,,31300,DIRECT_DEBIT,3,TRADER,2005-10-31
RO,3,1100,Twitterworks,RO-000-5,,13300,BANK_TRANSFER,120,HORECA,2010-07-17
IT,4,5381,Camimbo,IT-000-8,,11400,DIRECT_DEBIT,60,HORECA,1997-11-04
IT,1,2225,Feedspan,IT-000-9,,19800,BANK_TRANSFER,10,TRADER,2005-01-22
DE,4,5903,Rhynoodle,DE-000-7,31,8300,DIRECT_DEBIT,1,SCO,1991-09-27
IT,2,7853,Realcube,IT-000-1,,20400,DIRECT_DEBIT,70,SCO,2019-04-27
RO,1,6558,Realcube,RO-000-8,,5100,DIRECT_DEBIT,3,TRADER,2010-01-12
IT,3,2308,Rhybox,IT-000-6,31,47100,BANK_TRANSFER,10,TRADER,2001-03-14
DE,2,9726,Dabfeed,DE-000-7,,44300,BANK_TRANSFER,10,HORECA,2018-09-01
RO,4,9581,Jazzy,RO-000-0,31,42300,DIRECT_DEBIT,3,TRADER,1989-03-13
IT,5,5019,Shufflester,IT-000-5,31,23200,DIRECT_DEBIT,1,SCO,1983-06-20
RO,1,3489,Miboo,RO-000-8,,31900,BANK_TRANSFER,5,SCO,1981-08-02
IT,3,7963,Rhyloo,IT-000-8,,16700,DIRECT_DEBIT,30,TRADER,1999-06-14
DE,4,1823,Youopia,DE-000-9,,26200,DIRECT_DEBIT,2,SCO,1994-03-10
RO,1,1815,Devify,RO-000-0,,46400,BANK_TRANSFER,60,HORECA,2013-06-03
DE,5,1345,Wordware,DE-000-4,,8900,BANK_TRANSFER,30,TRADER,1993-10-17
RO,5,7582,Edgewire,RO-000-4,,46200,DIRECT_DEBIT,1,HORECA,2011-02-24
RO,5,4597,Roombo,RO-000-6,30,30100,DIRECT_DEBIT,5,SCO,2013-11-19
FR,5,1506,Oyoloo,FR-000-7,,5000,DIRECT_DEBIT,70,SCO,2005-12-16
RO,3,4787,Youbridge,RO-000-4,,35000,BANK_TRANSFER,25,SCO,2009-07-24
FR,2,3729,Jazzy,FR-000-3,,16400,DIRECT_DEBIT,3,HORECA,1992-08-17
FR,2,7964,Gabtype,FR-000-6,,12000,DIRECT_DEBIT,7,SCO,2021-08-18
RO,3,1574,Zoonder,RO-000-6,,14900,BANK_TRANSFER,10,SCO,2021-06-01
RO,5,1605,Muxo,RO-000-8,,16700,DIRECT_DEBIT,20,SCO,2013-01-04
DE,5,4422,Edgeclub,DE-000-1,,14400,BANK_TRANSFER,10,HORECA,1991-04-05
FR,5,8240,Youopia,FR-000-1,,46200,BANK_TRANSFER,15,TRADER,1984-02-08
RO,1,2108,Feedfire,RO-000-8,,40800,BANK_TRANSFER,20,HORECA,2015-02-11
RO,1,5659,Twiyo,RO-000-5,,42900,BANK_TRANSFER,21,TRADER,1985-09-25
FR,3,5485,Quire,FR-000-5,,16700,BANK_TRANSFER,70,HORECA,2002-07-13
RO,4,2037,Oyoba,RO-000-1,31,42800,DIRECT_DEBIT,7,HORECA,2007-07-19
RO,4,2360,Youopia,RO-000-2,,42800,BANK_TRANSFER,2,TRADER,2001-03-20
RO,3,4857,Chatterbridge,RO-000-9,,17900,BANK_TRANSFER,30,TRADER,1997-03-14
RO,5,4797,Realmix,RO-000-0,,47800,BANK_TRANSFER,2,TRADER,1996-06-27
IT,4,7163,Browsebug,IT-000-0,,26200,DIRECT_DEBIT,1,HORECA,1985-05-13
FR,2,9882,Ainyx,FR-000-8,,15000,DIRECT_DEBIT,30,TRADER,1999-07-28
RO,5,9301,Yata,RO-000-9,30,33900,BANK_TRANSFER,3,HORECA,1996-01-08
FR,5,6775,Fatz,FR-000-1,,34600,BANK_TRANSFER,15,HORECA,1983-09-13
RO,3,2530,Rhybox,RO-000-3,,36900,BANK_TRANSFER,10,TRADER,2015-02-04
FR,2,6381,Bubblemix,FR-000-7,,27000,BANK_TRANSFER,15,HORECA,1997-04-16
RO,1,7195,Topiczoom,RO-000-1,,8600,DIRECT_DEBIT,5,SCO,1982-01-10
FR,2,6597,Shufflester,FR-000-8,,5600,DIRECT_DEBIT,15,TRADER,1986-06-22
RO,2,7209,Voolia,RO-000-4,,6500,DIRECT_DEBIT,3,TRADER,2017-12-04
RO,2,9394,Topicblab,RO-000-9,,46400,BANK_TRANSFER,30,SCO,2012-10-05
FR,4,7804,Youspan,FR-000-1,,1200,BANK_TRANSFER,60,TRADER,1992-03-11
IT,2,1386,Rhynoodle,IT-000-2,,44000,BANK_TRANSFER,10,SCO,2001-06-26
RO,2,4858,Brainlounge,RO-000-7,,47500,DIRECT_DEBIT,2,HORECA,2021-08-10
IT,5,6886,Browsebug,IT-000-8,,36200,BANK_TRANSFER,30,HORECA,2013-12-11
FR,2,1489,Gigazoom,FR-000-2,,19100,BANK_TRANSFER,120,TRADER,2002-06-07
FR,5,5636,Skippad,FR-000-4,,17200,DIRECT_DEBIT,5,TRADER,1987-01-28
FR,1,1327,Yodoo,FR-000-0,,5900,DIRECT_DEBIT,21,SCO,2002-11-27
DE,1,6197,Mydo,DE-000-1,,18400,BANK_TRANSFER,7,SCO,1999-11-28
IT,4,5940,Centimia,IT-000-6,,1800,BANK_TRANSFER,2,HORECA,2002-09-05
IT,2,7274,Yodoo,IT-000-6,,20600,DIRECT_DEBIT,20,TRADER,1997-08-02
RO,3,3531,Twitterwire,RO-000-3,,48000,DIRECT_DEBIT,25,SCO,2003-11-24
IT,1,9980,Nlounge,IT-000-7,,26700,DIRECT_DEBIT,30,HORECA,1996-10-30
IT,2,8195,Yakijo,IT-000-3,,33700,DIRECT_DEBIT,20,SCO,2017-02-14
RO,1,9822,Camimbo,RO-000-9,30,37400,BANK_TRANSFER,60,HORECA,1998-05-23
FR,2,1666,Tagchat,FR-000-9,,48300,DIRECT_DEBIT,7,HORECA,1998-02-18
RO,4,5604,Meevee,RO-000-6,,33800,DIRECT_DEBIT,21,TRADER,1998-04-23
DE,3,8548,Devify,DE-000-2,,13200,BANK_TRANSFER,3,TRADER,2003-12-26
IT,3,6349,Skynoodle,IT-000-0,,28900,DIRECT_DEBIT,21,HORECA,2008-05-24
IT,3,2111,Skibox,IT-000-0,,29300,DIRECT_DEBIT,7,TRADER,1989-12-26
IT,1,6737,Dynabox,IT-000-1,31,28200,DIRECT_DEBIT,3,TRADER,2003-03-05
DE,5,1882,Quatz,DE-000-5,,36400,BANK_TRANSFER,1,SCO,2013-01-11
IT,1,8763,Topicblab,IT-000-5,31,39600,BANK_TRANSFER,15,SCO,1993-12-07
IT,4,3276,Skinix,IT-000-0,,45200,DIRECT_DEBIT,10,SCO,2017-11-11
RO,4,1559,Vipe,RO-000-8,,1400,BANK_TRANSFER,60,TRADER,1988-11-30
RO,4,2909,Dabshots,RO-000-0,,15100,DIRECT_DEBIT,10,TRADER,1981-06-27
RO,2,6835,Gigashots,RO-000-1,,31000,BANK_TRANSFER,1,HORECA,2003-05-13
DE,2,3924,Skipstorm,DE-000-0,,12500,BANK_TRANSFER,60,HORECA,2006-03-31
RO,1,6778,Voomm,RO-000-3,31,36700,DIRECT_DEBIT,70,TRADER,2015-09-17
IT,3,8278,Plajo,IT-000-3,,8200,DIRECT_DEBIT,25,SCO,2021-02-06
IT,1,5647,Edgeblab,IT-000-2,,20700,DIRECT_DEBIT,70,HORECA,1982-06-04
IT,3,4367,BlogXS,IT-000-7,,35900,BANK_TRANSFER,20,TRADER,2014-09-29
RO,3,4170,Rhynyx,RO-000-7,,27500,DIRECT_DEBIT,15,SCO,2011-04-13
RO,3,5063,Avamm,RO-000-7,,30300,BANK_TRANSFER,21,SCO,1981-02-13
DE,4,1937,Lazz,DE-000-0,,26300,BANK_TRANSFER,5,TRADER,1981-02-22
IT,1,9965,Trudeo,IT-000-5,,28300,BANK_TRANSFER,10,SCO,2005-10-31
IT,4,3475,Kare,IT-000-6,30,19700,BANK_TRANSFER,15,TRADER,1980-09-03
IT,2,2627,Buzzbean,IT-000-6,,2500,BANK_TRANSFER,2,SCO,2010-08-08
FR,2,6838,Tambee,FR-000-7,31,34500,DIRECT_DEBIT,60,SCO,1993-08-20
RO,2,6902,Yodel,RO-000-0,,2500,BANK_TRANSFER,70,TRADER,2014-09-29
IT,5,2584,Skaboo,IT-000-2,,3000,DIRECT_DEBIT,120,HORECA,1997-10-14
RO,2,1843,Demimbu,RO-000-8,,23400,DIRECT_DEBIT,1,HORECA,1980-03-27
FR,1,2157,Gigashots,FR-000-8,30,13600,BANK_TRANSFER,120,SCO,2001-01-07
IT,1,6910,Pixoboo,IT-000-5,,6400,BANK_TRANSFER,60,TRADER,2011-03-26
IT,1,5630,Gigabox,IT-000-2,,27500,BANK_TRANSFER,20,HORECA,2018-07-09
DE,2,6198,Realfire,DE-000-9,,28000,BANK_TRANSFER,25,HORECA,1993-10-11
IT,2,1608,Talane,IT-000-3,,14200,BANK_TRANSFER,20,SCO,2001-07-12
FR,3,8909,Agivu,FR-000-6,,16900,BANK_TRANSFER,5,TRADER,1986-11-25
DE,4,5263,Twitterbeat,DE-000-6,,45600,DIRECT_DEBIT,120,SCO,2013-04-05
DE,5,7928,Eare,DE-000-0,,35500,BANK_TRANSFER,15,HORECA,2011-11-28
DE,1,7892,Tavu,DE-000-9,30,22200,DIRECT_DEBIT,25,TRADER,1996-04-07
IT,1,1831,Thoughtblab,IT-000-3,,10400,DIRECT_DEBIT,25,HORECA,1982-06-03
RO,1,7595,Zoomcast,RO-000-1,,10900,DIRECT_DEBIT,30,TRADER,2011-09-11
RO,4,6348,Browsedrive,RO-000-5,,37200,DIRECT_DEBIT,21,HORECA,2005-06-21
FR,1,8300,Muxo,FR-000-3,,21900,DIRECT_DEBIT,20,TRADER,1987-01-07
FR,1,2436,Meezzy,FR-000-5,,11600,DIRECT_DEBIT,70,TRADER,2013-04-19
RO,5,5385,Mydo,RO-000-7,,28500,DIRECT_DEBIT,70,HORECA,2013-12-25
DE,5,9121,Livepath,DE-000-2,,14400,DIRECT_DEBIT,15,SCO,2018-08-18
DE,1,1913,Viva,DE-000-8,,23700,DIRECT_DEBIT,10,TRADER,1996-08-09
DE,5,7577,Wikizz,DE-000-3,,19000,DIRECT_DEBIT,1,TRADER,2020-01-26
FR,2,3703,Avamm,FR-000-6,,12200,BANK_TRANSFER,120,TRADER,2001-04-19
IT,5,9915,Dabvine,IT-000-8,,24700,BANK_TRANSFER,3,SCO,1985-09-11
FR,2,7394,Lajo,FR-000-4,,31900,BANK_TRANSFER,15,SCO,2008-04-18
FR,2,8678,Riffwire,FR-000-4,,42900,BANK_TRANSFER,10,SCO,2004-03-14
DE,1,5171,Rhycero,DE-000-3,,43500,DIRECT_DEBIT,30,HORECA,1997-01-11
DE,2,7863,Jetwire,DE-000-6,,24500,DIRECT_DEBIT,20,TRADER,2013-02-27
RO,4,1197,Camimbo,RO-000-2,,14000,BANK_TRANSFER,3,TRADER,1996-04-30
RO,3,7203,BlogXS,RO-000-8,,22900,DIRECT_DEBIT,120,SCO,1987-10-01
FR,5,6988,Abata,FR-000-4,,9300,BANK_TRANSFER,2,SCO,2013-10-23
DE,1,5126,Thoughtstorm,DE-000-4,,42300,DIRECT_DEBIT,25,SCO,1995-04-28
IT,2,5473,Realcube,IT-000-4,,31700,BANK_TRANSFER,5,TRADER,1991-07-29
DE,1,4977,Tavu,DE-000-5,,17100,BANK_TRANSFER,60,SCO,1987-12-07
FR,3,6827,Cogibox,FR-000-5,,18100,BANK_TRANSFER,25,TRADER,2012-03-11
IT,4,2727,Meevee,IT-000-8,,37200,DIRECT_DEBIT,60,TRADER,1994-05-17
IT,3,7569,Twitterlist,IT-000-3,,36700,BANK_TRANSFER,21,TRADER,1987-02-17
RO,1,9438,Topicware,RO-000-4,,1600,BANK_TRANSFER,25,HORECA,2001-06-18
IT,2,8156,Browseblab,IT-000-8,,34200,BANK_TRANSFER,1,HORECA,2015-05-16
RO,2,6068,Topdrive,RO-000-2,,24100,BANK_TRANSFER,30,SCO,2005-09-12
IT,2,7573,Quimba,IT-000-6,,46100,DIRECT_DEBIT,3,HORECA,2019-09-21
IT,3,3744,Mycat,IT-000-8,,12600,DIRECT_DEBIT,60,HORECA,1985-09-08
FR,5,2911,Fiveclub,FR-000-1,,11600,DIRECT_DEBIT,15,SCO,1986-05-15
IT,1,1861,Jaxbean,IT-000-8,,27700,DIRECT_DEBIT,7,TRADER,1988-03-10
FR,4,8740,Skiba,FR-000-9,,9000,DIRECT_DEBIT,15,HORECA,1991-10-22
DE,4,4387,Skiba,DE-000-4,,20300,BANK_TRANSFER,1,TRADER,1998-09-30
DE,2,6857,Trilia,DE-000-3,,39800,DIRECT_DEBIT,120,SCO,2014-11-01
DE,5,9891,Feedfish,DE-000-9,30,29400,DIRECT_DEBIT,1,HORECA,2012-01-25
FR,4,2964,Feednation,FR-000-5,,41900,DIRECT_DEBIT,60,HORECA,1989-02-11
DE,3,9823,Tagpad,DE-000-8,,14200,BANK_TRANSFER,21,HORECA,2014-03-12
IT,3,8469,Wordify,IT-000-5,,3500,BANK_TRANSFER,70,SCO,2009-03-19
IT,4,3979,Demizz,IT-000-3,,35000,BANK_TRANSFER,1,SCO,1998-07-28
FR,4,2649,Brightdog,FR-000-2,,31900,DIRECT_DEBIT,120,SCO,1980-02-02
RO,2,1681,Topdrive,RO-000-2,,32900,DIRECT_DEBIT,7,TRADER,1984-07-31
DE,4,8566,Voolia,DE-000-5,,25800,DIRECT_DEBIT,3,TRADER,1983-03-14
DE,2,4919,Flashdog,DE-000-7,,44800,DIRECT_DEBIT,30,HORECA,2015-12-22
RO,3,4407,Linklinks,RO-000-2,,13500,BANK_TRANSFER,120,HORECA,2016-08-05
IT,3,5544,Centidel,IT-000-0,,32000,DIRECT_DEBIT,21,SCO,2011-05-01
FR,1,5663,Babbleblab,FR-000-0,,36600,BANK_TRANSFER,2,SCO,2021-03-29
DE,5,6190,Feedfire,DE-000-5,,35500,DIRECT_DEBIT,25,SCO,2009-07-04
FR,4,1257,Mynte,FR-000-6,,20700,DIRECT_DEBIT,120,SCO,1996-12-29
RO,5,3485,Demizz,RO-000-2,,10200,DIRECT_DEBIT,70,HORECA,2020-06-25
RO,4,6360,Feedbug,RO-000-0,,17300,BANK_TRANSFER,3,TRADER,2013-08-28
DE,5,3147,Eayo,DE-000-5,,33400,BANK_TRANSFER,30,HORECA,2018-02-02
RO,5,7543,Riffwire,RO-000-5,,45800,BANK_TRANSFER,60,HORECA,1983-08-24
FR,1,9240,Brainverse,FR-000-4,,29200,BANK_TRANSFER,21,TRADER,1982-04-21
IT,3,8556,Gigabox,IT-000-0,,47100,DIRECT_DEBIT,7,HORECA,2019-05-04
DE,1,9298,Shufflester,DE-000-3,,13700,BANK_TRANSFER,25,HORECA,2009-11-20
IT,3,6431,Feednation,IT-000-8,,35000,BANK_TRANSFER,15,HORECA,2007-06-29
IT,5,9668,Yamia,IT-000-5,,41800,DIRECT_DEBIT,3,SCO,2004-03-17
RO,2,5577,Babbleopia,RO-000-1,,13300,BANK_TRANSFER,21,TRADER,2009-05-23
IT,5,6365,Divape,IT-000-9,,12900,BANK_TRANSFER,15,HORECA,2014-05-24
RO,3,3608,Thoughtstorm,RO-000-0,,7700,BANK_TRANSFER,30,HORECA,1983-03-12
IT,2,8351,Yombu,IT-000-7,,4900,DIRECT_DEBIT,1,SCO,1983-03-25
FR,2,4717,Quimba,FR-000-8,,14900,DIRECT_DEBIT,1,TRADER,1981-11-20
DE,4,2873,Jaxspan,DE-000-6,,21500,DIRECT_DEBIT,15,SCO,1982-09-20
RO,4,9442,Meevee,RO-000-7,31,18700,DIRECT_DEBIT,1,TRADER,2014-12-11
RO,4,8324,Brainverse,RO-000-5,31,48800,BANK_TRANSFER,5,HORECA,2014-09-04
FR,1,2550,Vinder,FR-000-0,,22100,DIRECT_DEBIT,70,SCO,1992-03-18
RO,2,9659,Vipe,RO-000-3,,3900,BANK_TRANSFER,120,HORECA,1991-11-27
DE,1,2424,Ooba,DE-000-7,,39400,BANK_TRANSFER,60,TRADER,2015-09-18
FR,5,7682,Skivee,FR-000-9,,40000,DIRECT_DEBIT,60,HORECA,2008-02-16
RO,3,7362,Dabtype,RO-000-5,,2500,BANK_TRANSFER,7,TRADER,1983-03-07
DE,4,7832,Gevee,DE-000-8,31,30500,BANK_TRANSFER,120,SCO,2018-02-28
IT,4,2461,Yata,IT-000-7,,42600,BANK_TRANSFER,2,TRADER,1989-05-16
RO,2,4411,Meeveo,RO-000-2,,44300,DIRECT_DEBIT,70,TRADER,1987-12-24
IT,4,9765,Oyope,IT-000-6,,30000,BANK_TRANSFER,120,SCO,1999-07-12
RO,1,6279,Kanoodle,RO-000-2,,32800,BANK_TRANSFER,2,HORECA,2000-04-17
FR,1,3965,Oba,FR-000-3,,18900,DIRECT_DEBIT,15,SCO,1991-03-27
RO,4,6268,DabZ,RO-000-6,,39800,BANK_TRANSFER,5,TRADER,2021-01-18
FR,4,9735,Divape,FR-000-4,,4800,BANK_TRANSFER,15,HORECA,2010-09-29
RO,5,1948,Chatterpoint,RO-000-0,,45600,DIRECT_DEBIT,10,HORECA,2010-04-21
FR,3,8058,Edgetag,FR-000-1,,43200,BANK_TRANSFER,10,HORECA,1984-11-10
FR,3,5886,Dabvine,FR-000-7,30,42200,BANK_TRANSFER,21,SCO,1982-08-15
RO,3,4791,Skipstorm,RO-000-6,31,16400,DIRECT_DEBIT,21,TRADER,2003-07-20
IT,5,2895,Youbridge,IT-000-1,,26100,BANK_TRANSFER,25,HORECA,2011-07-06
IT,1,8754,Vidoo,IT-000-9,,43700,DIRECT_DEBIT,30,SCO,1990-06-26
RO,5,7240,Zoomzone,RO-000-0,,39500,BANK_TRANSFER,120,TRADER,2015-09-11
IT,5,9573,Yodoo,IT-000-2,,26600,DIRECT_DEBIT,70,TRADER,1986-09-14
RO,1,7379,Blogtags,RO-000-0,,12900,DIRECT_DEBIT,21,SCO,2009-10-20
RO,2,2161,Kayveo,RO-000-2,,38400,DIRECT_DEBIT,21,TRADER,1996-04-01
IT,5,8518,Devbug,IT-000-5,,44000,BANK_TRANSFER,1,HORECA,2010-06-01
IT,2,8348,Layo,IT-000-4,,32300,DIRECT_DEBIT,10,TRADER,1992-02-25
FR,1,7301,Youfeed,FR-000-9,,32200,DIRECT_DEBIT,15,HORECA,2014-02-16
FR,2,9025,Nlounge,FR-000-6,,43400,BANK_TRANSFER,1,SCO,2019-07-25
FR,4,9749,Tanoodle,FR-000-3,,18500,DIRECT_DEBIT,21,SCO,2009-06-05
RO,2,7968,Nlounge,RO-000-0,,9200,BANK_TRANSFER,7,TRADER,1988-01-28
DE,2,8139,Dabjam,DE-000-8,,18700,DIRECT_DEBIT,120,HORECA,1993-09-08
FR,2,9566,Jaxnation,FR-000-9,,18400,DIRECT_DEBIT,3,TRADER,2021-08-04
FR,4,2797,Brainbox,FR-000-1,,23800,DIRECT_DEBIT,25,HORECA,1993-11-09
RO,4,2863,Demizz,RO-000-9,,20400,BANK_TRANSFER,60,SCO,1985-01-07
FR,3,7313,Omba,FR-000-1,,46500,BANK_TRANSFER,7,SCO,1981-03-19
RO,3,6229,Skivee,RO-000-8,,34700,BANK_TRANSFER,15,SCO,1994-08-15
DE,5,5197,Vitz,DE-000-0,,31200,BANK_TRANSFER,7,TRADER,1992-02-15
IT,3,6727,Meedoo,IT-000-3,30,16600,DIRECT_DEBIT,30,SCO,1983-07-02
DE,2,5199,Yombu,DE-000-2,,28800,DIRECT_DEBIT,25,SCO,2018-11-13
RO,2,7120,Edgeify,RO-000-8,,3000,BANK_TRANSFER,70,SCO,1986-12-30
RO,2,9370,Agivu,RO-000-8,,11600,DIRECT_DEBIT,25,TRADER,2004-04-04
RO,3,4431,Fadeo,RO-000-0,,4800,DIRECT_DEBIT,120,SCO,2001-07-27
RO,1,3531,Trudeo,RO-000-8,,33500,BANK_TRANSFER,2,HORECA,2014-08-04
DE,4,7307,Aimbu,DE-000-8,,3700,DIRECT_DEBIT,70,HORECA,2020-10-17
IT,1,5724,Reallinks,IT-000-9,,45300,DIRECT_DEBIT,25,TRADER,1998-05-28
RO,4,8812,Katz,RO-000-2,,42100,BANK_TRANSFER,60,SCO,2020-04-01
DE,2,6494,Abatz,DE-000-2,30,5400,DIRECT_DEBIT,120,TRADER,2013-12-13
DE,3,5778,Yakitri,DE-000-7,,32600,DIRECT_DEBIT,30,SCO,2014-08-17
FR,4,6835,Flipbug,FR-000-2,,42600,BANK_TRANSFER,15,TRADER,2002-09-26
DE,1,5348,Browsedrive,DE-000-4,,8100,BANK_TRANSFER,5,HORECA,1985-05-14
RO,4,2463,Cogibox,RO-000-1,30,6600,DIRECT_DEBIT,3,TRADER,1993-10-09
IT,1,9092,Wikivu,IT-000-1,,40700,BANK_TRANSFER,2,HORECA,2007-03-17
RO,1,1231,Fivechat,RO-000-2,,20200,DIRECT_DEBIT,25,SCO,2000-02-02
DE,1,2895,Oloo,DE-000-7,,18800,DIRECT_DEBIT,2,SCO,1990-09-26
DE,1,2792,Feedspan,DE-000-4,,8400,DIRECT_DEBIT,30,SCO,1996-02-20
RO,3,1152,Eabox,RO-000-7,,32000,DIRECT_DEBIT,30,TRADER,2004-12-31
DE,2,3957,Roomm,DE-000-6,,24500,DIRECT_DEBIT,2,HORECA,1991-06-17
RO,2,3774,Abata,RO-000-6,,34600,BANK_TRANSFER,20,SCO,2007-04-02
FR,5,2121,Skipstorm,FR-000-8,,31600,BANK_TRANSFER,10,TRADER,2012-11-27
IT,3,2886,Yata,IT-000-4,,20600,DIRECT_DEBIT,70,TRADER,2012-11-11
FR,1,2320,Npath,FR-000-8,,42800,BANK_TRANSFER,25,TRADER,1997-06-17
RO,4,6768,Voomm,RO-000-1,,28700,DIRECT_DEBIT,25,SCO,2010-03-14
DE,1,5099,Edgeclub,DE-000-9,30,37600,DIRECT_DEBIT,2,TRADER,1998-08-30
IT,4,5168,Leexo,IT-000-5,,21900,BANK_TRANSFER,120,HORECA,1986-08-18
IT,1,1580,Yakitri,IT-000-8,,38100,BANK_TRANSFER,70,TRADER,2011-09-20
FR,5,8802,Midel,FR-000-8,,23700,DIRECT_DEBIT,70,TRADER,2012-06-21
DE,3,9384,Eimbee,DE-000-4,30,19300,BANK_TRANSFER,60,SCO,1982-02-03
FR,4,8224,Twimm,FR-000-6,,20500,BANK_TRANSFER,60,SCO,2021-01-08
FR,1,6401,Bubbletube,FR-000-1,,46800,BANK_TRANSFER,21,TRADER,1986-03-08
DE,3,4223,Rhynoodle,DE-000-6,,29200,BANK_TRANSFER,70,SCO,2005-06-21
DE,3,1395,Kimia,DE-000-4,,33800,DIRECT_DEBIT,120,SCO,1993-01-29
DE,5,7645,Zoomdog,DE-000-4,30,5100,DIRECT_DEBIT,10,HORECA,1991-06-05
DE,4,9303,Brightbean,DE-000-6,,38600,DIRECT_DEBIT,2,HORECA,1984-10-21
RO,4,9963,Riffwire,RO-000-0,,37500,BANK_TRANSFER,25,TRADER,2019-12-07
FR,2,8559,Zooxo,FR-000-8,,46300,DIRECT_DEBIT,70,SCO,2001-03-25
DE,4,5356,Browseblab,DE-000-9,,11400,BANK_TRANSFER,3,SCO,1990-05-16
IT,1,1208,Jayo,IT-000-6,,25000,DIRECT_DEBIT,120,TRADER,1993-04-17
FR,2,1678,Ailane,FR-000-9,,49700,BANK_TRANSFER,1,SCO,1990-05-08
IT,5,7470,Oyoba,IT-000-8,,29000,DIRECT_DEBIT,25,TRADER,1989-06-23
IT,3,1777,Meemm,IT-000-2,,49300,BANK_TRANSFER,1,TRADER,1980-03-24
IT,4,2218,Pixope,IT-000-5,,7200,BANK_TRANSFER,10,TRADER,1999-04-07
FR,4,3801,Trunyx,FR-000-0,,34900,DIRECT_DEBIT,25,HORECA,1996-07-02
FR,5,9744,Realfire,FR-000-9,,39100,BANK_TRANSFER,60,TRADER,2013-06-06
IT,1,1836,Skyvu,IT-000-9,31,49100,DIRECT_DEBIT,25,HORECA,2014-03-23
FR,4,7534,Skinte,FR-000-4,30,19500,BANK_TRANSFER,1,TRADER,2015-01-03
IT,1,4059,Photolist,IT-000-9,,31500,BANK_TRANSFER,21,HORECA,1999-02-15
RO,1,1862,Kwideo,RO-000-4,,6700,BANK_TRANSFER,70,HORECA,1985-08-31
FR,4,4539,Topiczoom,FR-000-3,,42000,DIRECT_DEBIT,3,TRADER,1988-04-23
RO,2,2972,Zazio,RO-000-9,,1000,DIRECT_DEBIT,60,SCO,1989-08-23
DE,4,2463,Yambee,DE-000-8,31,41200,BANK_TRANSFER,15,SCO,1985-10-27
RO,2,5819,Thoughtbridge,RO-000-2,,26900,BANK_TRANSFER,20,HORECA,2000-09-23
RO,3,5480,Twitterwire,RO-000-4,,21300,BANK_TRANSFER,70,TRADER,2007-08-07
FR,1,1885,Tazz,FR-000-8,,12800,BANK_TRANSFER,30,SCO,1987-01-11
FR,2,5904,Feedfish,FR-000-5,,12200,BANK_TRANSFER,10,SCO,1998-07-22
RO,4,8841,Avaveo,RO-000-3,,45600,DIRECT_DEBIT,70,TRADER,1995-05-20
FR,5,6774,Eayo,FR-000-7,,44100,BANK_TRANSFER,25,HORECA,2012-08-10
FR,3,8884,Devify,FR-000-6,,24600,BANK_TRANSFER,70,TRADER,1980-06-26
IT,4,4581,Muxo,IT-000-3,,47500,BANK_TRANSFER,2,SCO,2008-08-12
FR,2,4297,Skyndu,FR-000-6,,7500,DIRECT_DEBIT,25,TRADER,1997-09-13
DE,1,9184,Voonyx,DE-000-4,,11300,DIRECT_DEBIT,10,SCO,1991-04-11
IT,1,1097,Realpoint,IT-000-7,,13600,DIRECT_DEBIT,1,SCO,1986-09-02
FR,5,4473,Rhyloo,FR-000-4,,14000,DIRECT_DEBIT,70,HORECA,2021-09-09
DE,5,1488,Realcube,DE-000-8,,2800,DIRECT_DEBIT,5,HORECA,1998-08-21
FR,4,4215,Aibox,FR-000-7,,28400,DIRECT_DEBIT,70,SCO,2007-02-05
DE,5,8825,Zoonder,DE-000-8,,40000,BANK_TRANSFER,15,SCO,2001-04-13
DE,2,7812,Tagfeed,DE-000-8,,46800,BANK_TRANSFER,5,HORECA,2016-10-23
DE,3,6796,Kwilith,DE-000-5,,47900,BANK_TRANSFER,30,HORECA,1984-06-11
RO,3,3201,Skyvu,RO-000-7,,39300,DIRECT_DEBIT,10,SCO,1981-09-08
FR,5,1750,Skajo,FR-000-8,,48700,DIRECT_DEBIT,15,HORECA,2020-04-25
FR,2,9947,Dynabox,FR-000-5,,4600,DIRECT_DEBIT,21,HORECA,1995-06-10
RO,1,5791,Meejo,RO-000-9,31,25400,BANK_TRANSFER,30,HORECA,1993-10-02
IT,3,5284,Chatterpoint,IT-000-9,30,29600,DIRECT_DEBIT,1,TRADER,1984-09-20
DE,3,2709,Wikizz,DE-000-8,,13300,DIRECT_DEBIT,60,TRADER,2006-11-02
DE,5,2493,Thoughtworks,DE-000-3,30,23800,BANK_TRANSFER,20,SCO,1995-12-15
FR,2,7562,Brightdog,FR-000-7,31,30300,BANK_TRANSFER,70,TRADER,2021-08-25
RO,4,6936,Yambee,RO-000-9,,4400,DIRECT_DEBIT,7,SCO,1988-05-18
DE,2,3611,Voonix,DE-000-8,,20000,BANK_TRANSFER,120,TRADER,2016-01-20
IT,4,8134,Bubblemix,IT-000-2,,15900,DIRECT_DEBIT,7,TRADER,1988-03-20
RO,1,1327,Kayveo,RO-000-1,31,37700,BANK_TRANSFER,3,TRADER,1987-05-29
DE,5,8105,Meetz,DE-000-6,,20400,DIRECT_DEBIT,3,TRADER,1994-06-18
DE,5,8842,Skiba,DE-000-7,,44900,BANK_TRANSFER,25,HORECA,2006-09-15
RO,3,1370,Oozz,RO-000-9,,13800,BANK_TRANSFER,10,HORECA,2019-09-15
DE,1,4132,Twitterwire,DE-000-5,,13600,BANK_TRANSFER,60,SCO,1989-09-25
FR,3,1733,Eire,FR-000-7,,38800,BANK_TRANSFER,21,SCO,2020-11-08
DE,4,6097,Skinix,DE-000-1,,48300,BANK_TRANSFER,70,SCO,2002-04-12
DE,4,1865,Browsecat,DE-000-6,,10200,DIRECT_DEBIT,5,HORECA,1995-05-23
IT,4,8966,Centimia,IT-000-0,,16500,BANK_TRANSFER,10,HORECA,1996-01-08
IT,3,9476,Flipstorm,IT-000-9,,30700,DIRECT_DEBIT,7,SCO,1996-01-23
FR,5,9283,Mudo,FR-000-5,,41200,DIRECT_DEBIT,30,TRADER,2008-12-18
RO,2,7784,Demivee,RO-000-9,,14400,DIRECT_DEBIT,70,HORECA,1998-08-12
IT,5,5139,Livepath,IT-000-2,,24400,BANK_TRANSFER,2,TRADER,1996-03-30
IT,3,3560,Oyope,IT-000-2,,33500,DIRECT_DEBIT,70,TRADER,2006-02-07
RO,4,8342,Skipfire,RO-000-7,30,17700,BANK_TRANSFER,25,SCO,2000-02-06
FR,3,2411,Quatz,FR-000-6,,5900,BANK_TRANSFER,20,TRADER,2013-05-22
IT,3,2944,Yodel,IT-000-2,,29900,BANK_TRANSFER,21,SCO,2016-09-23
FR,2,6918,Midel,FR-000-6,,12800,DIRECT_DEBIT,7,TRADER,1994-09-14
IT,2,8381,Jaxworks,IT-000-8,,5300,BANK_TRANSFER,120,HORECA,1985-12-27
FR,3,3459,Flashspan,FR-000-7,,13500,DIRECT_DEBIT,25,HORECA,2006-11-28
RO,5,7924,Shufflester,RO-000-7,,22100,BANK_TRANSFER,3,TRADER,2007-10-22
RO,3,4758,Gabcube,RO-000-1,31,20100,BANK_TRANSFER,5,TRADER,2012-05-18
IT,1,1070,Yodoo,IT-000-9,,45200,DIRECT_DEBIT,120,HORECA,2009-01-05
RO,4,7097,Thoughtbridge,RO-000-2,,46300,BANK_TRANSFER,1,HORECA,2000-03-04
RO,3,9785,Innotype,RO-000-0,30,15000,BANK_TRANSFER,60,TRADER,2012-10-20
DE,1,1896,Twitterwire,DE-000-5,,16900,DIRECT_DEBIT,60,SCO,2009-10-12
IT,5,6140,Zoovu,IT-000-0,,8300,DIRECT_DEBIT,25,SCO,1994-09-04
FR,4,6934,Miboo,FR-000-9,,45000,BANK_TRANSFER,7,TRADER,2003-11-05
IT,1,8728,Katz,IT-000-7,,8900,BANK_TRANSFER,21,SCO,2010-02-14
IT,3,3964,Centidel,IT-000-8,,8700,BANK_TRANSFER,7,HORECA,2009-07-23
DE,3,2815,Fivechat,DE-000-1,,41800,DIRECT_DEBIT,3,TRADER,2004-03-19
FR,4,7381,Kare,FR-000-8,,15000,DIRECT_DEBIT,3,TRADER,1997-05-19
IT,2,9509,Gigaclub,IT-000-7,,26800,BANK_TRANSFER,60,SCO,2018-07-04
RO,1,5089,Bubbletube,RO-000-7,,4500,BANK_TRANSFER,30,HORECA,1995-07-05
RO,3,5195,Devcast,RO-000-7,,23800,DIRECT_DEBIT,1,SCO,1992-06-07
IT,1,6125,Browsetype,IT-000-7,,23300,DIRECT_DEBIT,21,TRADER,2002-11-07
DE,2,6921,Gigaclub,DE-000-4,,20300,DIRECT_DEBIT,15,TRADER,2003-05-16
FR,3,4002,Tagchat,FR-000-0,,49500,DIRECT_DEBIT,7,TRADER,2019-08-09
FR,5,2355,Jazzy,FR-000-9,,43200,DIRECT_DEBIT,1,TRADER,1990-02-12
RO,5,1317,Devpoint,RO-000-8,,39400,DIRECT_DEBIT,30,TRADER,1985-06-03
IT,2,5716,Plambee,IT-000-6,,32700,BANK_TRANSFER,30,HORECA,1986-05-15
IT,3,5745,Eimbee,IT-000-9,,38600,BANK_TRANSFER,3,SCO,2005-05-17
IT,5,5657,Edgeify,IT-000-9,30,2100,DIRECT_DEBIT,15,TRADER,1998-03-10
FR,4,4460,Zava,FR-000-7,,48900,BANK_TRANSFER,30,SCO,1987-03-21
RO,4,4248,Trunyx,RO-000-6,,19100,DIRECT_DEBIT,3,HORECA,2012-08-05
FR,5,5606,Vidoo,FR-000-2,,9100,BANK_TRANSFER,10,SCO,2011-04-26
IT,2,5979,Oodoo,IT-000-2,,28600,DIRECT_DEBIT,3,SCO,2007-11-16
DE,2,9798,Jamia,DE-000-5,,33500,BANK_TRANSFER,3,SCO,1999-02-22
DE,2,7016,BlogXS,DE-000-5,30,2900,DIRECT_DEBIT,70,SCO,2020-06-24
RO,5,9016,Shufflebeat,RO-000-6,,11200,BANK_TRANSFER,7,SCO,1999-06-23
IT,4,6773,Buzzdog,IT-000-0,,29900,DIRECT_DEBIT,25,HORECA,2013-04-26
IT,4,3612,Yambee,IT-000-3,,21900,DIRECT_DEBIT,30,SCO,1983-03-24
IT,4,4057,Aibox,IT-000-7,,14400,DIRECT_DEBIT,15,SCO,1988-07-16
FR,2,1006,Meeveo,FR-000-7,,40800,DIRECT_DEBIT,25,SCO,1993-02-02
IT,1,8528,Oyoyo,IT-000-4,,32000,DIRECT_DEBIT,25,HORECA,2011-06-13
RO,1,1631,Flipstorm,RO-000-1,,15800,BANK_TRANSFER,21,HORECA,2018-03-31
FR,5,8245,Myworks,FR-000-6,,44900,DIRECT_DEBIT,30,SCO,2016-08-11
DE,1,9780,Meedoo,DE-000-0,,25800,DIRECT_DEBIT,60,TRADER,2011-01-03
FR,1,4376,Eimbee,FR-000-2,,6700,DIRECT_DEBIT,3,TRADER,2000-02-11
DE,3,3624,Fliptune,DE-000-2,,2500,DIRECT_DEBIT,3,HORECA,2019-09-22
DE,1,1287,Quatz,DE-000-1,,33600,DIRECT_DEBIT,70,SCO,1994-09-20
FR,3,8441,Kayveo,FR-000-9,,30400,BANK_TRANSFER,21,HORECA,1984-01-08
DE,2,9610,Rhynoodle,DE-000-4,,34100,DIRECT_DEBIT,2,HORECA,1986-07-10
DE,3,9417,Yodoo,DE-000-8,,32000,DIRECT_DEBIT,120,TRADER,1996-06-02
IT,3,2867,Photobug,IT-000-8,,1300,DIRECT_DEBIT,5,HORECA,1985-04-22
FR,1,4264,Thoughtbeat,FR-000-7,31,12000,BANK_TRANSFER,20,SCO,2015-11-30
DE,4,1279,Babblestorm,DE-000-2,31,21300,DIRECT_DEBIT,30,HORECA,1991-01-18
DE,5,4611,Blogpad,DE-000-7,30,19000,DIRECT_DEBIT,70,TRADER,1992-07-23
RO,1,2220,Bubbletube,RO-000-3,,12500,DIRECT_DEBIT,2,HORECA,2016-08-06
DE,5,6309,Tavu,DE-000-0,,26400,BANK_TRANSFER,2,HORECA,1980-12-08
IT,3,7968,Dynabox,IT-000-5,,40300,BANK_TRANSFER,15,HORECA,2011-01-18
RO,3,8243,Devpulse,RO-000-1,,2400,DIRECT_DEBIT,120,HORECA,1988-07-21
IT,5,7876,Oyope,IT-000-6,,24700,BANK_TRANSFER,60,HORECA,2012-06-29
FR,3,7029,Browsezoom,FR-000-8,30,31100,DIRECT_DEBIT,1,SCO,2010-06-08
DE,5,1731,Roodel,DE-000-2,,31500,BANK_TRANSFER,25,SCO,2019-12-26
DE,5,2722,Dabvine,DE-000-2,,25300,DIRECT_DEBIT,120,HORECA,2003-03-27
RO,2,8745,Bluezoom,RO-000-1,,5800,DIRECT_DEBIT,60,HORECA,2012-06-01
RO,3,4052,Topicware,RO-000-3,,38400,BANK_TRANSFER,70,SCO,2000-01-22
DE,3,9180,Brainbox,DE-000-5,30,2900,BANK_TRANSFER,1,TRADER,1984-08-10
DE,2,2715,Mita,DE-000-0,,27500,DIRECT_DEBIT,20,HORECA,2010-09-16
DE,5,1057,Devpulse,DE-000-6,,28200,DIRECT_DEBIT,2,SCO,1992-07-17
IT,4,8151,Bubblebox,IT-000-1,31,33500,DIRECT_DEBIT,60,SCO,1998-08-07
DE,1,1718,Meezzy,DE-000-0,30,39300,DIRECT_DEBIT,3,SCO,2016-01-25
IT,3,6967,Zoombox,IT-000-7,,4200,DIRECT_DEBIT,21,HORECA,1993-10-14
RO,2,4634,Centidel,RO-000-4,31,16400,BANK_TRANSFER,70,SCO,2004-10-21
DE,5,9669,Twitterwire,DE-000-8,,49200,BANK_TRANSFER,5,SCO,2001-07-11
FR,4,8503,Feednation,FR-000-6,,1800,DIRECT_DEBIT,7,TRADER,1985-07-24
DE,4,8757,Twitterwire,DE-000-3,,38600,BANK_TRANSFER,20,HORECA,2001-02-27
FR,2,7573,Rhynyx,FR-000-9,,11600,BANK_TRANSFER,10,TRADER,2013-07-08
FR,2,7737,Oyoba,FR-000-9,,46000,BANK_TRANSFER,60,SCO,1982-03-09
RO,2,4646,Brainverse,RO-000-3,,29100,BANK_TRANSFER,30,HORECA,1993-01-05
RO,4,9446,Aibox,RO-000-8,,18200,DIRECT_DEBIT,10,SCO,1982-03-31
DE,2,7992,Riffpath,DE-000-3,,7900,BANK_TRANSFER,3,SCO,2019-01-26
FR,2,5125,Dynazzy,FR-000-3,,23800,DIRECT_DEBIT,21,TRADER,1984-02-16
RO,2,7570,Dabshots,RO-000-6,,26600,DIRECT_DEBIT,70,HORECA,2006-02-08
RO,3,4874,Linklinks,RO-000-1,,27700,DIRECT_DEBIT,20,SCO,1982-04-09
RO,1,4877,Ntag,RO-000-2,,49500,DIRECT_DEBIT,20,TRADER,2008-01-13
RO,2,1919,Wikizz,RO-000-4,,8100,BANK_TRANSFER,60,HORECA,2014-04-20
DE,4,3753,Gigazoom,DE-000-8,,13500,BANK_TRANSFER,30,TRADER,1986-10-29
IT,2,4462,Dazzlesphere,IT-000-5,,43400,DIRECT_DEBIT,2,TRADER,2021-10-01
DE,2,6432,Youbridge,DE-000-1,,12600,BANK_TRANSFER,1,HORECA,1991-03-01
